date_heure,temperature,jour_semaine,heure,est_weekend,mois,consommation_mw
2025-01-01 00:00:00,6.0,2,0,0,1,42937.0
2025-01-01 01:00:00,4.7,2,1,0,1,41977.0
2025-01-01 02:00:00,6.3,2,2,0,1,40870.0
2025-01-01 03:00:00,8.0,2,3,0,1,40973.0
2025-01-01 04:00:00,4.5,2,4,0,1,42530.0
2025-01-01 05:00:00,4.5,2,5,0,1,42190.0
2025-01-01 06:00:00,8.2,2,6,0,1,41756.0
2025-01-01 07:00:00,6.5,2,7,0,1,42879.0
2025-01-01 08:00:00,4.1,2,8,0,1,46076.0
2025-01-01 09:00:00,6.1,2,9,0,1,46730.0
2025-01-01 10:00:00,4.1,2,10,0,1,41593.0
2025-01-01 11:00:00,4.1,2,11,0,1,42733.0
2025-01-01 12:00:00,5.5,2,12,0,1,41398.0
2025-01-01 13:00:00,1.2,2,13,0,1,42173.0
2025-01-01 14:00:00,1.6,2,14,0,1,44126.0
2025-01-01 15:00:00,3.9,2,15,0,1,42916.0
2025-01-01 16:00:00,3.0,2,16,0,1,45329.0
2025-01-01 17:00:00,5.6,2,17,0,1,42943.0
2025-01-01 18:00:00,3.2,2,18,0,1,42179.0
2025-01-01 19:00:00,2.2,2,19,0,1,49137.0
2025-01-01 20:00:00,7.9,2,20,0,1,45500.0
2025-01-01 21:00:00,4.5,2,21,0,1,46424.0
2025-01-01 22:00:00,5.1,2,22,0,1,42161.0
2025-01-01 23:00:00,2.2,2,23,0,1,42773.0
2025-01-02 00:00:00,3.9,3,0,0,1,42598.0
2025-01-02 01:00:00,5.2,3,1,0,1,43696.0
2025-01-02 02:00:00,2.7,3,2,0,1,45912.0
2025-01-02 03:00:00,5.8,3,3,0,1,43976.0
2025-01-02 04:00:00,3.8,3,4,0,1,42514.0
2025-01-02 05:00:00,4.4,3,5,0,1,41448.0
2025-01-02 06:00:00,3.8,3,6,0,1,43271.0
2025-01-02 07:00:00,8.7,3,7,0,1,38526.0
2025-01-02 08:00:00,5.0,3,8,0,1,45901.0
2025-01-02 09:00:00,2.9,3,9,0,1,46381.0
2025-01-02 10:00:00,6.6,3,10,0,1,41118.0
2025-01-02 11:00:00,2.6,3,11,0,1,41807.0
2025-01-02 12:00:00,5.4,3,12,0,1,42907.0
2025-01-02 13:00:00,1.1,3,13,0,1,43820.0
2025-01-02 14:00:00,2.3,3,14,0,1,42424.0
2025-01-02 15:00:00,5.4,3,15,0,1,38856.0
2025-01-02 16:00:00,6.5,3,16,0,1,41729.0
2025-01-02 17:00:00,5.3,3,17,0,1,44455.0
2025-01-02 18:00:00,4.8,3,18,0,1,44609.0
2025-01-02 19:00:00,4.4,3,19,0,1,45253.0
2025-01-02 20:00:00,2.0,3,20,0,1,46256.0
2025-01-02 21:00:00,3.6,3,21,0,1,46782.0
2025-01-02 22:00:00,4.1,3,22,0,1,41763.0
2025-01-02 23:00:00,7.1,3,23,0,1,41805.0
2025-01-03 00:00:00,5.7,4,0,0,1,43076.0
2025-01-03 01:00:00,1.5,4,1,0,1,45735.0
2025-01-03 02:00:00,5.6,4,2,0,1,42056.0
2025-01-03 03:00:00,4.2,4,3,0,1,42641.0
2025-01-03 04:00:00,3.6,4,4,0,1,42123.0
2025-01-03 05:00:00,6.2,4,5,0,1,40896.0
2025-01-03 06:00:00,7.1,4,6,0,1,41197.0
2025-01-03 07:00:00,6.9,4,7,0,1,42010.0
2025-01-03 08:00:00,3.3,4,8,0,1,47436.0
2025-01-03 09:00:00,4.4,4,9,0,1,44845.0
2025-01-03 10:00:00,5.7,4,10,0,1,43960.0
2025-01-03 11:00:00,7.0,4,11,0,1,41199.0
2025-01-03 12:00:00,4.0,4,12,0,1,42954.0
2025-01-03 13:00:00,4.6,4,13,0,1,41789.0
2025-01-03 14:00:00,2.8,4,14,0,1,40697.0
2025-01-03 15:00:00,2.6,4,15,0,1,44757.0
2025-01-03 16:00:00,6.6,4,16,0,1,42572.0
2025-01-03 17:00:00,7.7,4,17,0,1,40806.0
2025-01-03 18:00:00,4.9,4,18,0,1,42652.0
2025-01-03 19:00:00,7.0,4,19,0,1,45116.0
2025-01-03 20:00:00,5.7,4,20,0,1,43263.0
2025-01-03 21:00:00,3.7,4,21,0,1,45510.0
2025-01-03 22:00:00,5.7,4,22,0,1,43092.0
2025-01-03 23:00:00,8.1,4,23,0,1,39457.0
2025-01-04 00:00:00,4.9,5,0,1,1,38888.0
2025-01-04 01:00:00,8.1,5,1,1,1,35307.0
2025-01-04 02:00:00,-0.2,5,2,1,1,41679.0
2025-01-04 03:00:00,6.6,5,3,1,1,37635.0
2025-01-04 04:00:00,5.2,5,4,1,1,36475.0
2025-01-04 05:00:00,4.4,5,5,1,1,40197.0
2025-01-04 06:00:00,5.2,5,6,1,1,37527.0
2025-01-04 07:00:00,1.0,5,7,1,1,39515.0
2025-01-04 08:00:00,4.6,5,8,1,1,41960.0
2025-01-04 09:00:00,5.7,5,9,1,1,42521.0
2025-01-04 10:00:00,8.0,5,10,1,1,35803.0
2025-01-04 11:00:00,4.0,5,11,1,1,39092.0
2025-01-04 12:00:00,3.4,5,12,1,1,39823.0
2025-01-04 13:00:00,4.0,5,13,1,1,39833.0
2025-01-04 14:00:00,6.8,5,14,1,1,37796.0
2025-01-04 15:00:00,5.7,5,15,1,1,37731.0
2025-01-04 16:00:00,3.9,5,16,1,1,38037.0
2025-01-04 17:00:00,6.0,5,17,1,1,38090.0
2025-01-04 18:00:00,5.2,5,18,1,1,37116.0
2025-01-04 19:00:00,6.9,5,19,1,1,37026.0
2025-01-04 20:00:00,3.6,5,20,1,1,42726.0
2025-01-04 21:00:00,4.3,5,21,1,1,42912.0
2025-01-04 22:00:00,4.2,5,22,1,1,36057.0
2025-01-04 23:00:00,2.1,5,23,1,1,38752.0
2025-01-05 00:00:00,5.6,6,0,1,1,38947.0
2025-01-05 01:00:00,5.5,6,1,1,1,40708.0
2025-01-05 02:00:00,5.0,6,2,1,1,38520.0
2025-01-05 03:00:00,4.5,6,3,1,1,37861.0
2025-01-05 04:00:00,2.2,6,4,1,1,39696.0
2025-01-05 05:00:00,4.2,6,5,1,1,40570.0
2025-01-05 06:00:00,4.3,6,6,1,1,38068.0
2025-01-05 07:00:00,3.4,6,7,1,1,38343.0
2025-01-05 08:00:00,4.7,6,8,1,1,41082.0
2025-01-05 09:00:00,5.8,6,9,1,1,39952.0
2025-01-05 10:00:00,8.8,6,10,1,1,36761.0
2025-01-05 11:00:00,5.3,6,11,1,1,40275.0
2025-01-05 12:00:00,5.5,6,12,1,1,38630.0
2025-01-05 13:00:00,4.9,6,13,1,1,38272.0
2025-01-05 14:00:00,1.2,6,14,1,1,40069.0
2025-01-05 15:00:00,4.9,6,15,1,1,36651.0
2025-01-05 16:00:00,5.1,6,16,1,1,39500.0
2025-01-05 17:00:00,9.9,6,17,1,1,35943.0
2025-01-05 18:00:00,4.6,6,18,1,1,38476.0
2025-01-05 19:00:00,5.6,6,19,1,1,45030.0
2025-01-05 20:00:00,4.9,6,20,1,1,41893.0
2025-01-05 21:00:00,2.7,6,21,1,1,41767.0
2025-01-05 22:00:00,7.3,6,22,1,1,36846.0
2025-01-05 23:00:00,6.5,6,23,1,1,39126.0
2025-01-06 00:00:00,6.6,0,0,0,1,41845.0
2025-01-06 01:00:00,3.2,0,1,0,1,41683.0
2025-01-06 02:00:00,7.8,0,2,0,1,42200.0
2025-01-06 03:00:00,2.2,0,3,0,1,43100.0
2025-01-06 04:00:00,6.2,0,4,0,1,44161.0
2025-01-06 05:00:00,9.4,0,5,0,1,41606.0
2025-01-06 06:00:00,3.0,0,6,0,1,42954.0
2025-01-06 07:00:00,3.9,0,7,0,1,44604.0
2025-01-06 08:00:00,5.2,0,8,0,1,45482.0
2025-01-06 09:00:00,4.0,0,9,0,1,47027.0
2025-01-06 10:00:00,1.9,0,10,0,1,44632.0
2025-01-06 11:00:00,5.1,0,11,0,1,41416.0
2025-01-06 12:00:00,2.9,0,12,0,1,42790.0
2025-01-06 13:00:00,5.9,0,13,0,1,43262.0
2025-01-06 14:00:00,3.2,0,14,0,1,43018.0
2025-01-06 15:00:00,8.1,0,15,0,1,40466.0
2025-01-06 16:00:00,3.4,0,16,0,1,42137.0
2025-01-06 17:00:00,4.4,0,17,0,1,43330.0
2025-01-06 18:00:00,6.6,0,18,0,1,44162.0
2025-01-06 19:00:00,2.5,0,19,0,1,45450.0
2025-01-06 20:00:00,5.5,0,20,0,1,45302.0
2025-01-06 21:00:00,7.6,0,21,0,1,45888.0
2025-01-06 22:00:00,1.8,0,22,0,1,44012.0
2025-01-06 23:00:00,5.4,0,23,0,1,42858.0
2025-01-07 00:00:00,5.5,1,0,0,1,40965.0
2025-01-07 01:00:00,6.6,1,1,0,1,42232.0
2025-01-07 02:00:00,2.5,1,2,0,1,43512.0
2025-01-07 03:00:00,2.4,1,3,0,1,45003.0
2025-01-07 04:00:00,6.0,1,4,0,1,43403.0
2025-01-07 05:00:00,5.6,1,5,0,1,45310.0
2025-01-07 06:00:00,5.5,1,6,0,1,42945.0
2025-01-07 07:00:00,5.7,1,7,0,1,42545.0
2025-01-07 08:00:00,3.6,1,8,0,1,46413.0
2025-01-07 09:00:00,5.5,1,9,0,1,44844.0
2025-01-07 10:00:00,5.6,1,10,0,1,42613.0
2025-01-07 11:00:00,3.6,1,11,0,1,42860.0
2025-01-07 12:00:00,8.7,1,12,0,1,40836.0
2025-01-07 13:00:00,5.9,1,13,0,1,43607.0
2025-01-07 14:00:00,2.6,1,14,0,1,42483.0
2025-01-07 15:00:00,6.3,1,15,0,1,43211.0
2025-01-07 16:00:00,3.1,1,16,0,1,45055.0
2025-01-07 17:00:00,6.6,1,17,0,1,41571.0
2025-01-07 18:00:00,7.3,1,18,0,1,38795.0
2025-01-07 19:00:00,3.4,1,19,0,1,45591.0
2025-01-07 20:00:00,6.9,1,20,0,1,46093.0
2025-01-07 21:00:00,5.8,1,21,0,1,45060.0
2025-01-07 22:00:00,6.6,1,22,0,1,40479.0
2025-01-07 23:00:00,8.8,1,23,0,1,39997.0
2025-01-08 00:00:00,4.5,2,0,0,1,43754.0
2025-01-08 01:00:00,3.5,2,1,0,1,43910.0
2025-01-08 02:00:00,3.2,2,2,0,1,43103.0
2025-01-08 03:00:00,3.4,2,3,0,1,42876.0
2025-01-08 04:00:00,4.8,2,4,0,1,42107.0
2025-01-08 05:00:00,5.7,2,5,0,1,41052.0
2025-01-08 06:00:00,5.6,2,6,0,1,44162.0
2025-01-08 07:00:00,6.7,2,7,0,1,41286.0
2025-01-08 08:00:00,5.0,2,8,0,1,46948.0
2025-01-08 09:00:00,7.9,2,9,0,1,45872.0
2025-01-08 10:00:00,4.5,2,10,0,1,43963.0
2025-01-08 11:00:00,10.4,2,11,0,1,39262.0
2025-01-08 12:00:00,6.3,2,12,0,1,42359.0
2025-01-08 13:00:00,3.3,2,13,0,1,43328.0
2025-01-08 14:00:00,2.9,2,14,0,1,42486.0
2025-01-08 15:00:00,6.0,2,15,0,1,42407.0
2025-01-08 16:00:00,4.6,2,16,0,1,41309.0
2025-01-08 17:00:00,6.4,2,17,0,1,43211.0
2025-01-08 18:00:00,5.9,2,18,0,1,41469.0
2025-01-08 19:00:00,4.9,2,19,0,1,45814.0
2025-01-08 20:00:00,3.3,2,20,0,1,46687.0
2025-01-08 21:00:00,2.0,2,21,0,1,46704.0
2025-01-08 22:00:00,4.1,2,22,0,1,43651.0
2025-01-08 23:00:00,6.7,2,23,0,1,41074.0
2025-01-09 00:00:00,5.4,3,0,0,1,43331.0
2025-01-09 01:00:00,2.5,3,1,0,1,42131.0
2025-01-09 02:00:00,5.3,3,2,0,1,42478.0
2025-01-09 03:00:00,5.8,3,3,0,1,44441.0
2025-01-09 04:00:00,3.2,3,4,0,1,42183.0
2025-01-09 05:00:00,5.3,3,5,0,1,41533.0
2025-01-09 06:00:00,5.1,3,6,0,1,43058.0
2025-01-09 07:00:00,2.7,3,7,0,1,43858.0
2025-01-09 08:00:00,5.7,3,8,0,1,45563.0
2025-01-09 09:00:00,6.1,3,9,0,1,45526.0
2025-01-09 10:00:00,7.2,3,10,0,1,42179.0
2025-01-09 11:00:00,7.1,3,11,0,1,42778.0
2025-01-09 12:00:00,2.2,3,12,0,1,44369.0
2025-01-09 13:00:00,3.1,3,13,0,1,43148.0
2025-01-09 14:00:00,6.0,3,14,0,1,42792.0
2025-01-09 15:00:00,6.0,3,15,0,1,44266.0
2025-01-09 16:00:00,6.0,3,16,0,1,41826.0
2025-01-09 17:00:00,12.7,3,17,0,1,37478.0
2025-01-09 18:00:00,6.1,3,18,0,1,43258.0
2025-01-09 19:00:00,7.3,3,19,0,1,44220.0
2025-01-09 20:00:00,6.9,3,20,0,1,41939.0
2025-01-09 21:00:00,6.3,3,21,0,1,45866.0
2025-01-09 22:00:00,4.4,3,22,0,1,42173.0
2025-01-09 23:00:00,6.5,3,23,0,1,41632.0
2025-01-10 00:00:00,3.5,4,0,0,1,43671.0
2025-01-10 01:00:00,4.5,4,1,0,1,42965.0
2025-01-10 02:00:00,4.0,4,2,0,1,43837.0
2025-01-10 03:00:00,5.2,4,3,0,1,41896.0
2025-01-10 04:00:00,9.6,4,4,0,1,40801.0
2025-01-10 05:00:00,1.3,4,5,0,1,44056.0
2025-01-10 06:00:00,6.4,4,6,0,1,42700.0
2025-01-10 07:00:00,1.8,4,7,0,1,44851.0
2025-01-10 08:00:00,4.1,4,8,0,1,44849.0
2025-01-10 09:00:00,7.2,4,9,0,1,45714.0
2025-01-10 10:00:00,5.1,4,10,0,1,41793.0
2025-01-10 11:00:00,2.8,4,11,0,1,44547.0
2025-01-10 12:00:00,3.6,4,12,0,1,43656.0
2025-01-10 13:00:00,6.4,4,13,0,1,44026.0
2025-01-10 14:00:00,3.5,4,14,0,1,42962.0
2025-01-10 15:00:00,5.4,4,15,0,1,41864.0
2025-01-10 16:00:00,5.1,4,16,0,1,42431.0
2025-01-10 17:00:00,3.7,4,17,0,1,42788.0
2025-01-10 18:00:00,9.3,4,18,0,1,41316.0
2025-01-10 19:00:00,6.3,4,19,0,1,42927.0
2025-01-10 20:00:00,0.9,4,20,0,1,46261.0
2025-01-10 21:00:00,5.4,4,21,0,1,44032.0
2025-01-10 22:00:00,3.7,4,22,0,1,44302.0
2025-01-10 23:00:00,6.7,4,23,0,1,43700.0
2025-01-11 00:00:00,3.4,5,0,1,1,39167.0
2025-01-11 01:00:00,4.8,5,1,1,1,38412.0
2025-01-11 02:00:00,6.0,5,2,1,1,38079.0
2025-01-11 03:00:00,6.7,5,3,1,1,39028.0
2025-01-11 04:00:00,2.6,5,4,1,1,38587.0
2025-01-11 05:00:00,4.3,5,5,1,1,39121.0
2025-01-11 06:00:00,4.1,5,6,1,1,40145.0
2025-01-11 07:00:00,3.7,5,7,1,1,39755.0
2025-01-11 08:00:00,8.5,5,8,1,1,39962.0
2025-01-11 09:00:00,5.8,5,9,1,1,42296.0
2025-01-11 10:00:00,2.5,5,10,1,1,36517.0
2025-01-11 11:00:00,6.8,5,11,1,1,38396.0
2025-01-11 12:00:00,9.2,5,12,1,1,35593.0
2025-01-11 13:00:00,7.1,5,13,1,1,35271.0
2025-01-11 14:00:00,2.0,5,14,1,1,40633.0
2025-01-11 15:00:00,4.0,5,15,1,1,40633.0
2025-01-11 16:00:00,7.5,5,16,1,1,37068.0
2025-01-11 17:00:00,3.6,5,17,1,1,40351.0
2025-01-11 18:00:00,5.9,5,18,1,1,39991.0
2025-01-11 19:00:00,6.5,5,19,1,1,42303.0
2025-01-11 20:00:00,3.1,5,20,1,1,44395.0
2025-01-11 21:00:00,4.9,5,21,1,1,42450.0
2025-01-11 22:00:00,-1.5,5,22,1,1,41832.0
2025-01-11 23:00:00,3.0,5,23,1,1,37602.0
2025-01-12 00:00:00,4.5,6,0,1,1,38457.0
2025-01-12 01:00:00,2.5,6,1,1,1,38736.0
2025-01-12 02:00:00,8.3,6,2,1,1,39473.0
2025-01-12 03:00:00,2.1,6,3,1,1,39719.0
2025-01-12 04:00:00,4.1,6,4,1,1,39088.0
2025-01-12 05:00:00,5.3,6,5,1,1,39031.0
2025-01-12 06:00:00,7.9,6,6,1,1,37111.0
2025-01-12 07:00:00,2.1,6,7,1,1,41970.0
2025-01-12 08:00:00,7.3,6,8,1,1,39590.0
2025-01-12 09:00:00,5.0,6,9,1,1,41723.0
2025-01-12 10:00:00,3.0,6,10,1,1,38591.0
2025-01-12 11:00:00,5.9,6,11,1,1,36454.0
2025-01-12 12:00:00,5.4,6,12,1,1,37567.0
2025-01-12 13:00:00,3.8,6,13,1,1,39056.0
2025-01-12 14:00:00,5.1,6,14,1,1,37915.0
2025-01-12 15:00:00,4.2,6,15,1,1,38054.0
2025-01-12 16:00:00,5.2,6,16,1,1,36699.0
2025-01-12 17:00:00,6.3,6,17,1,1,37738.0
2025-01-12 18:00:00,8.2,6,18,1,1,35108.0
2025-01-12 19:00:00,2.5,6,19,1,1,43650.0
2025-01-12 20:00:00,9.3,6,20,1,1,39466.0
2025-01-12 21:00:00,1.1,6,21,1,1,41703.0
2025-01-12 22:00:00,4.7,6,22,1,1,38281.0
2025-01-12 23:00:00,6.2,6,23,1,1,37009.0
2025-01-13 00:00:00,5.6,0,0,0,1,42602.0
2025-01-13 01:00:00,3.8,0,1,0,1,44731.0
2025-01-13 02:00:00,4.6,0,2,0,1,40458.0
2025-01-13 03:00:00,4.0,0,3,0,1,43131.0
2025-01-13 04:00:00,3.8,0,4,0,1,42897.0
2025-01-13 05:00:00,6.7,0,5,0,1,42456.0
2025-01-13 06:00:00,5.7,0,6,0,1,42399.0
2025-01-13 07:00:00,3.6,0,7,0,1,42291.0
2025-01-13 08:00:00,6.8,0,8,0,1,44218.0
2025-01-13 09:00:00,5.6,0,9,0,1,44237.0
2025-01-13 10:00:00,6.6,0,10,0,1,42978.0
2025-01-13 11:00:00,6.3,0,11,0,1,41896.0
2025-01-13 12:00:00,3.3,0,12,0,1,45610.0
2025-01-13 13:00:00,3.9,0,13,0,1,42987.0
2025-01-13 14:00:00,6.5,0,14,0,1,40903.0
2025-01-13 15:00:00,6.2,0,15,0,1,40073.0
2025-01-13 16:00:00,5.0,0,16,0,1,40357.0
2025-01-13 17:00:00,5.2,0,17,0,1,40482.0
2025-01-13 18:00:00,7.6,0,18,0,1,41543.0
2025-01-13 19:00:00,3.8,0,19,0,1,46702.0
2025-01-13 20:00:00,6.1,0,20,0,1,43055.0
2025-01-13 21:00:00,4.6,0,21,0,1,46776.0
2025-01-13 22:00:00,4.6,0,22,0,1,42138.0
2025-01-13 23:00:00,7.2,0,23,0,1,41577.0
2025-01-14 00:00:00,6.7,1,0,0,1,43609.0
2025-01-14 01:00:00,6.6,1,1,0,1,42763.0
2025-01-14 02:00:00,7.6,1,2,0,1,40872.0
2025-01-14 03:00:00,5.0,1,3,0,1,41410.0
2025-01-14 04:00:00,6.4,1,4,0,1,39236.0
2025-01-14 05:00:00,4.4,1,5,0,1,41947.0
2025-01-14 06:00:00,5.6,1,6,0,1,41922.0
2025-01-14 07:00:00,4.7,1,7,0,1,41446.0
2025-01-14 08:00:00,5.2,1,8,0,1,45245.0
2025-01-14 09:00:00,6.2,1,9,0,1,44997.0
2025-01-14 10:00:00,3.4,1,10,0,1,43048.0
2025-01-14 11:00:00,9.2,1,11,0,1,39628.0
2025-01-14 12:00:00,3.0,1,12,0,1,43708.0
2025-01-14 13:00:00,2.6,1,13,0,1,44245.0
2025-01-14 14:00:00,7.3,1,14,0,1,40033.0
2025-01-14 15:00:00,6.6,1,15,0,1,43401.0
2025-01-14 16:00:00,6.2,1,16,0,1,41758.0
2025-01-14 17:00:00,6.3,1,17,0,1,41894.0
2025-01-14 18:00:00,5.0,1,18,0,1,43362.0
2025-01-14 19:00:00,3.2,1,19,0,1,46677.0
2025-01-14 20:00:00,5.2,1,20,0,1,46568.0
2025-01-14 21:00:00,3.6,1,21,0,1,46522.0
2025-01-14 22:00:00,7.0,1,22,0,1,40790.0
2025-01-14 23:00:00,4.7,1,23,0,1,43081.0
2025-01-15 00:00:00,3.3,2,0,0,1,41953.0
2025-01-15 01:00:00,4.4,2,1,0,1,42952.0
2025-01-15 02:00:00,5.8,2,2,0,1,42047.0
2025-01-15 03:00:00,3.9,2,3,0,1,42814.0
2025-01-15 04:00:00,3.4,2,4,0,1,43168.0
2025-01-15 05:00:00,5.5,2,5,0,1,39998.0
2025-01-15 06:00:00,5.5,2,6,0,1,41597.0
2025-01-15 07:00:00,4.0,2,7,0,1,43118.0
2025-01-15 08:00:00,4.1,2,8,0,1,46163.0
2025-01-15 09:00:00,5.5,2,9,0,1,44035.0
2025-01-15 10:00:00,2.1,2,10,0,1,45467.0
2025-01-15 11:00:00,2.2,2,11,0,1,42868.0
2025-01-15 12:00:00,3.6,2,12,0,1,44382.0
2025-01-15 13:00:00,4.6,2,13,0,1,43226.0
2025-01-15 14:00:00,5.6,2,14,0,1,41414.0
2025-01-15 15:00:00,8.0,2,15,0,1,43155.0
2025-01-15 16:00:00,6.7,2,16,0,1,40210.0
2025-01-15 17:00:00,4.7,2,17,0,1,43763.0
2025-01-15 18:00:00,5.0,2,18,0,1,43720.0
2025-01-15 19:00:00,3.0,2,19,0,1,45698.0
2025-01-15 20:00:00,5.0,2,20,0,1,47189.0
2025-01-15 21:00:00,4.4,2,21,0,1,45489.0
2025-01-15 22:00:00,5.6,2,22,0,1,42524.0
2025-01-15 23:00:00,3.3,2,23,0,1,43640.0
2025-01-16 00:00:00,6.0,3,0,0,1,41819.0
2025-01-16 01:00:00,8.1,3,1,0,1,41940.0
2025-01-16 02:00:00,4.8,3,2,0,1,43561.0
2025-01-16 03:00:00,5.8,3,3,0,1,40000.0
2025-01-16 04:00:00,6.4,3,4,0,1,43375.0
2025-01-16 05:00:00,4.2,3,5,0,1,40906.0
2025-01-16 06:00:00,5.4,3,6,0,1,43515.0
2025-01-16 07:00:00,5.0,3,7,0,1,43839.0
2025-01-16 08:00:00,5.2,3,8,0,1,44093.0
2025-01-16 09:00:00,3.5,3,9,0,1,45780.0
2025-01-16 10:00:00,5.0,3,10,0,1,41149.0
2025-01-16 11:00:00,6.0,3,11,0,1,41744.0
2025-01-16 12:00:00,7.9,3,12,0,1,40679.0
2025-01-16 13:00:00,6.9,3,13,0,1,42476.0
2025-01-16 14:00:00,9.3,3,14,0,1,41919.0
2025-01-16 15:00:00,3.5,3,15,0,1,44942.0
2025-01-16 16:00:00,6.7,3,16,0,1,40953.0
2025-01-16 17:00:00,5.4,3,17,0,1,42066.0
2025-01-16 18:00:00,9.4,3,18,0,1,38290.0
2025-01-16 19:00:00,3.4,3,19,0,1,45341.0
2025-01-16 20:00:00,3.3,3,20,0,1,47498.0
2025-01-16 21:00:00,3.8,3,21,0,1,48038.0
2025-01-16 22:00:00,0.8,3,22,0,1,43143.0
2025-01-16 23:00:00,3.9,3,23,0,1,42315.0
2025-01-17 00:00:00,3.5,4,0,0,1,43227.0
2025-01-17 01:00:00,5.3,4,1,0,1,42686.0
2025-01-17 02:00:00,5.7,4,2,0,1,41187.0
2025-01-17 03:00:00,8.8,4,3,0,1,41133.0
2025-01-17 04:00:00,6.9,4,4,0,1,40981.0
2025-01-17 05:00:00,3.8,4,5,0,1,43060.0
2025-01-17 06:00:00,3.2,4,6,0,1,44054.0
2025-01-17 07:00:00,6.0,4,7,0,1,42016.0
2025-01-17 08:00:00,2.4,4,8,0,1,46297.0
2025-01-17 09:00:00,8.7,4,9,0,1,43537.0
2025-01-17 10:00:00,7.4,4,10,0,1,41215.0
2025-01-17 11:00:00,4.1,4,11,0,1,42525.0
2025-01-17 12:00:00,1.6,4,12,0,1,43903.0
2025-01-17 13:00:00,7.7,4,13,0,1,43065.0
2025-01-17 14:00:00,4.8,4,14,0,1,43288.0
2025-01-17 15:00:00,7.5,4,15,0,1,40908.0
2025-01-17 16:00:00,1.8,4,16,0,1,44931.0
2025-01-17 17:00:00,3.8,4,17,0,1,42699.0
2025-01-17 18:00:00,5.0,4,18,0,1,43903.0
2025-01-17 19:00:00,5.1,4,19,0,1,45897.0
2025-01-17 20:00:00,4.1,4,20,0,1,45821.0
2025-01-17 21:00:00,6.2,4,21,0,1,45414.0
2025-01-17 22:00:00,2.9,4,22,0,1,41683.0
2025-01-17 23:00:00,4.7,4,23,0,1,41290.0
2025-01-18 00:00:00,5.2,5,0,1,1,36947.0
2025-01-18 01:00:00,6.0,5,1,1,1,38157.0
2025-01-18 02:00:00,6.4,5,2,1,1,39867.0
2025-01-18 03:00:00,2.8,5,3,1,1,42302.0
2025-01-18 04:00:00,1.9,5,4,1,1,40800.0
2025-01-18 05:00:00,7.6,5,5,1,1,37823.0
2025-01-18 06:00:00,5.7,5,6,1,1,36006.0
2025-01-18 07:00:00,3.5,5,7,1,1,38597.0
2025-01-18 08:00:00,8.1,5,8,1,1,39004.0
2025-01-18 09:00:00,5.2,5,9,1,1,40639.0
2025-01-18 10:00:00,7.4,5,10,1,1,37119.0
2025-01-18 11:00:00,5.1,5,11,1,1,37866.0
2025-01-18 12:00:00,9.1,5,12,1,1,34064.0
2025-01-18 13:00:00,8.5,5,13,1,1,37642.0
2025-01-18 14:00:00,4.5,5,14,1,1,37462.0
2025-01-18 15:00:00,6.9,5,15,1,1,37816.0
2025-01-18 16:00:00,6.3,5,16,1,1,40344.0
2025-01-18 17:00:00,7.7,5,17,1,1,36028.0
2025-01-18 18:00:00,3.1,5,18,1,1,36429.0
2025-01-18 19:00:00,6.4,5,19,1,1,40471.0
2025-01-18 20:00:00,7.1,5,20,1,1,41763.0
2025-01-18 21:00:00,1.5,5,21,1,1,45609.0
2025-01-18 22:00:00,2.6,5,22,1,1,38208.0
2025-01-18 23:00:00,0.9,5,23,1,1,41135.0
2025-01-19 00:00:00,4.5,6,0,1,1,38211.0
2025-01-19 01:00:00,6.4,6,1,1,1,37655.0
2025-01-19 02:00:00,8.0,6,2,1,1,40171.0
2025-01-19 03:00:00,5.1,6,3,1,1,36622.0
2025-01-19 04:00:00,8.3,6,4,1,1,37176.0
2025-01-19 05:00:00,2.2,6,5,1,1,40441.0
2025-01-19 06:00:00,1.6,6,6,1,1,41506.0
2025-01-19 07:00:00,4.9,6,7,1,1,38673.0
2025-01-19 08:00:00,5.8,6,8,1,1,41486.0
2025-01-19 09:00:00,4.9,6,9,1,1,41063.0
2025-01-19 10:00:00,0.9,6,10,1,1,40890.0
2025-01-19 11:00:00,4.8,6,11,1,1,38177.0
2025-01-19 12:00:00,2.4,6,12,1,1,40550.0
2025-01-19 13:00:00,6.3,6,13,1,1,37387.0
2025-01-19 14:00:00,5.7,6,14,1,1,38586.0
2025-01-19 15:00:00,3.1,6,15,1,1,39405.0
2025-01-19 16:00:00,4.0,6,16,1,1,40365.0
2025-01-19 17:00:00,2.9,6,17,1,1,39498.0
2025-01-19 18:00:00,4.9,6,18,1,1,36435.0
2025-01-19 19:00:00,6.9,6,19,1,1,42059.0
2025-01-19 20:00:00,3.0,6,20,1,1,41399.0
2025-01-19 21:00:00,6.0,6,21,1,1,40211.0
2025-01-19 22:00:00,3.9,6,22,1,1,38315.0
2025-01-19 23:00:00,3.4,6,23,1,1,40942.0
2025-01-20 00:00:00,4.8,0,0,0,1,40044.0
2025-01-20 01:00:00,2.9,0,1,0,1,47301.0
2025-01-20 02:00:00,3.9,0,2,0,1,44321.0
2025-01-20 03:00:00,2.6,0,3,0,1,43966.0
2025-01-20 04:00:00,8.9,0,4,0,1,40469.0
2025-01-20 05:00:00,5.1,0,5,0,1,42807.0
2025-01-20 06:00:00,3.6,0,6,0,1,43825.0
2025-01-20 07:00:00,5.4,0,7,0,1,43060.0
2025-01-20 08:00:00,4.8,0,8,0,1,46279.0
2025-01-20 09:00:00,4.6,0,9,0,1,45828.0
2025-01-20 10:00:00,6.2,0,10,0,1,41649.0
2025-01-20 11:00:00,6.5,0,11,0,1,41561.0
2025-01-20 12:00:00,3.9,0,12,0,1,42797.0
2025-01-20 13:00:00,3.8,0,13,0,1,44436.0
2025-01-20 14:00:00,4.4,0,14,0,1,43487.0
2025-01-20 15:00:00,0.4,0,15,0,1,41273.0
2025-01-20 16:00:00,2.0,0,16,0,1,44802.0
2025-01-20 17:00:00,7.7,0,17,0,1,41367.0
2025-01-20 18:00:00,8.3,0,18,0,1,40833.0
2025-01-20 19:00:00,4.5,0,19,0,1,45283.0
2025-01-20 20:00:00,6.2,0,20,0,1,46272.0
2025-01-20 21:00:00,5.6,0,21,0,1,46326.0
2025-01-20 22:00:00,11.2,0,22,0,1,38494.0
2025-01-20 23:00:00,7.2,0,23,0,1,41869.0
2025-01-21 00:00:00,4.7,1,0,0,1,41462.0
2025-01-21 01:00:00,3.1,1,1,0,1,41800.0
2025-01-21 02:00:00,1.8,1,2,0,1,43354.0
2025-01-21 03:00:00,5.4,1,3,0,1,43331.0
2025-01-21 04:00:00,3.5,1,4,0,1,44400.0
2025-01-21 05:00:00,2.2,1,5,0,1,44538.0
2025-01-21 06:00:00,3.7,1,6,0,1,44017.0
2025-01-21 07:00:00,2.8,1,7,0,1,44201.0
2025-01-21 08:00:00,8.4,1,8,0,1,43043.0
2025-01-21 09:00:00,6.8,1,9,0,1,45137.0
2025-01-21 10:00:00,5.0,1,10,0,1,43468.0
2025-01-21 11:00:00,8.0,1,11,0,1,41925.0
2025-01-21 12:00:00,5.2,1,12,0,1,43849.0
2025-01-21 13:00:00,3.3,1,13,0,1,44211.0
2025-01-21 14:00:00,8.0,1,14,0,1,41399.0
2025-01-21 15:00:00,6.1,1,15,0,1,43245.0
2025-01-21 16:00:00,2.9,1,16,0,1,43505.0
2025-01-21 17:00:00,4.6,1,17,0,1,41632.0
2025-01-21 18:00:00,3.2,1,18,0,1,43180.0
2025-01-21 19:00:00,2.2,1,19,0,1,45989.0
2025-01-21 20:00:00,6.9,1,20,0,1,43764.0
2025-01-21 21:00:00,8.8,1,21,0,1,43417.0
2025-01-21 22:00:00,2.2,1,22,0,1,42948.0
2025-01-21 23:00:00,6.1,1,23,0,1,41567.0
2025-01-22 00:00:00,3.7,2,0,0,1,40878.0
2025-01-22 01:00:00,4.0,2,1,0,1,43243.0
2025-01-22 02:00:00,3.8,2,2,0,1,43094.0
2025-01-22 03:00:00,3.3,2,3,0,1,42383.0
2025-01-22 04:00:00,5.1,2,4,0,1,43243.0
2025-01-22 05:00:00,3.3,2,5,0,1,44456.0
2025-01-22 06:00:00,5.5,2,6,0,1,40300.0
2025-01-22 07:00:00,4.9,2,7,0,1,41635.0
2025-01-22 08:00:00,4.5,2,8,0,1,44816.0
2025-01-22 09:00:00,3.2,2,9,0,1,45280.0
2025-01-22 10:00:00,3.8,2,10,0,1,44072.0
2025-01-22 11:00:00,6.5,2,11,0,1,41512.0
2025-01-22 12:00:00,6.0,2,12,0,1,41682.0
2025-01-22 13:00:00,3.0,2,13,0,1,41073.0
2025-01-22 14:00:00,5.2,2,14,0,1,43163.0
2025-01-22 15:00:00,6.5,2,15,0,1,40262.0
2025-01-22 16:00:00,1.7,2,16,0,1,44241.0
2025-01-22 17:00:00,6.1,2,17,0,1,42289.0
2025-01-22 18:00:00,3.7,2,18,0,1,44795.0
2025-01-22 19:00:00,6.1,2,19,0,1,43359.0
2025-01-22 20:00:00,3.5,2,20,0,1,42640.0
2025-01-22 21:00:00,1.4,2,21,0,1,47526.0
2025-01-22 22:00:00,1.7,2,22,0,1,46288.0
2025-01-22 23:00:00,5.1,2,23,0,1,43939.0
2025-01-23 00:00:00,5.5,3,0,0,1,42492.0
2025-01-23 01:00:00,3.2,3,1,0,1,42814.0
2025-01-23 02:00:00,6.3,3,2,0,1,42830.0
2025-01-23 03:00:00,1.7,3,3,0,1,42993.0
2025-01-23 04:00:00,4.9,3,4,0,1,43138.0
2025-01-23 05:00:00,2.6,3,5,0,1,44318.0
2025-01-23 06:00:00,3.7,3,6,0,1,44424.0
2025-01-23 07:00:00,5.1,3,7,0,1,45764.0
2025-01-23 08:00:00,3.3,3,8,0,1,46831.0
2025-01-23 09:00:00,4.2,3,9,0,1,45274.0
2025-01-23 10:00:00,7.0,3,10,0,1,41463.0
2025-01-23 11:00:00,3.8,3,11,0,1,40954.0
2025-01-23 12:00:00,6.7,3,12,0,1,40831.0
2025-01-23 13:00:00,2.7,3,13,0,1,43139.0
2025-01-23 14:00:00,6.1,3,14,0,1,41341.0
2025-01-23 15:00:00,7.9,3,15,0,1,41241.0
2025-01-23 16:00:00,0.1,3,16,0,1,43985.0
2025-01-23 17:00:00,3.4,3,17,0,1,44642.0
2025-01-23 18:00:00,6.2,3,18,0,1,41923.0
2025-01-23 19:00:00,4.6,3,19,0,1,45692.0
2025-01-23 20:00:00,5.7,3,20,0,1,44735.0
2025-01-23 21:00:00,3.8,3,21,0,1,46290.0
2025-01-23 22:00:00,5.2,3,22,0,1,43404.0
2025-01-23 23:00:00,4.7,3,23,0,1,41615.0
2025-01-24 00:00:00,7.3,4,0,0,1,40542.0
2025-01-24 01:00:00,5.5,4,1,0,1,41881.0
2025-01-24 02:00:00,5.7,4,2,0,1,40547.0
2025-01-24 03:00:00,4.2,4,3,0,1,41929.0
2025-01-24 04:00:00,4.0,4,4,0,1,42416.0
2025-01-24 05:00:00,4.1,4,5,0,1,43982.0
2025-01-24 06:00:00,5.8,4,6,0,1,42421.0
2025-01-24 07:00:00,4.2,4,7,0,1,43153.0
2025-01-24 08:00:00,5.6,4,8,0,1,46231.0
2025-01-24 09:00:00,9.2,4,9,0,1,43260.0
2025-01-24 10:00:00,6.7,4,10,0,1,42097.0
2025-01-24 11:00:00,4.3,4,11,0,1,42702.0
2025-01-24 12:00:00,7.4,4,12,0,1,41617.0
2025-01-24 13:00:00,4.2,4,13,0,1,42209.0
2025-01-24 14:00:00,0.9,4,14,0,1,41612.0
2025-01-24 15:00:00,3.0,4,15,0,1,43347.0
2025-01-24 16:00:00,1.3,4,16,0,1,46078.0
2025-01-24 17:00:00,4.3,4,17,0,1,43963.0
2025-01-24 18:00:00,5.0,4,18,0,1,43640.0
2025-01-24 19:00:00,8.4,4,19,0,1,45307.0
2025-01-24 20:00:00,5.7,4,20,0,1,45279.0
2025-01-24 21:00:00,4.6,4,21,0,1,45956.0
2025-01-24 22:00:00,6.7,4,22,0,1,40929.0
2025-01-24 23:00:00,0.6,4,23,0,1,44332.0
2025-01-25 00:00:00,5.5,5,0,1,1,39003.0
2025-01-25 01:00:00,6.5,5,1,1,1,39174.0
2025-01-25 02:00:00,2.0,5,2,1,1,39811.0
2025-01-25 03:00:00,7.3,5,3,1,1,36816.0
2025-01-25 04:00:00,5.7,5,4,1,1,38162.0
2025-01-25 05:00:00,4.2,5,5,1,1,39637.0
2025-01-25 06:00:00,6.3,5,6,1,1,36135.0
2025-01-25 07:00:00,9.5,5,7,1,1,33474.0
2025-01-25 08:00:00,5.4,5,8,1,1,40657.0
2025-01-25 09:00:00,5.5,5,9,1,1,39787.0
2025-01-25 10:00:00,4.1,5,10,1,1,38350.0
2025-01-25 11:00:00,3.3,5,11,1,1,39173.0
2025-01-25 12:00:00,6.7,5,12,1,1,37126.0
2025-01-25 13:00:00,3.3,5,13,1,1,41099.0
2025-01-25 14:00:00,5.1,5,14,1,1,38821.0
2025-01-25 15:00:00,4.0,5,15,1,1,39338.0
2025-01-25 16:00:00,6.0,5,16,1,1,38768.0
2025-01-25 17:00:00,5.7,5,17,1,1,36800.0
2025-01-25 18:00:00,7.1,5,18,1,1,38709.0
2025-01-25 19:00:00,4.0,5,19,1,1,41919.0
2025-01-25 20:00:00,4.5,5,20,1,1,42574.0
2025-01-25 21:00:00,3.0,5,21,1,1,41193.0
2025-01-25 22:00:00,4.1,5,22,1,1,37080.0
2025-01-25 23:00:00,5.8,5,23,1,1,39104.0
2025-01-26 00:00:00,6.5,6,0,1,1,38195.0
2025-01-26 01:00:00,3.2,6,1,1,1,38340.0
2025-01-26 02:00:00,6.7,6,2,1,1,36587.0
2025-01-26 03:00:00,7.7,6,3,1,1,38495.0
2025-01-26 04:00:00,5.8,6,4,1,1,36659.0
2025-01-26 05:00:00,8.8,6,5,1,1,38594.0
2025-01-26 06:00:00,3.5,6,6,1,1,38193.0
2025-01-26 07:00:00,2.5,6,7,1,1,40511.0
2025-01-26 08:00:00,1.4,6,8,1,1,42884.0
2025-01-26 09:00:00,8.0,6,9,1,1,40728.0
2025-01-26 10:00:00,6.3,6,10,1,1,37193.0
2025-01-26 11:00:00,4.9,6,11,1,1,38360.0
2025-01-26 12:00:00,5.6,6,12,1,1,38269.0
2025-01-26 13:00:00,2.7,6,13,1,1,38423.0
2025-01-26 14:00:00,9.9,6,14,1,1,36943.0
2025-01-26 15:00:00,5.3,6,15,1,1,37755.0
2025-01-26 16:00:00,5.2,6,16,1,1,38116.0
2025-01-26 17:00:00,6.5,6,17,1,1,36581.0
2025-01-26 18:00:00,6.0,6,18,1,1,34944.0
2025-01-26 19:00:00,5.4,6,19,1,1,41047.0
2025-01-26 20:00:00,3.4,6,20,1,1,45186.0
2025-01-26 21:00:00,5.9,6,21,1,1,41970.0
2025-01-26 22:00:00,8.8,6,22,1,1,36595.0
2025-01-26 23:00:00,7.7,6,23,1,1,36839.0
2025-01-27 00:00:00,8.2,0,0,0,1,40934.0
2025-01-27 01:00:00,4.0,0,1,0,1,43668.0
2025-01-27 02:00:00,3.0,0,2,0,1,42073.0
2025-01-27 03:00:00,4.7,0,3,0,1,43963.0
2025-01-27 04:00:00,5.1,0,4,0,1,43303.0
2025-01-27 05:00:00,7.2,0,5,0,1,42268.0
2025-01-27 06:00:00,1.6,0,6,0,1,44719.0
2025-01-27 07:00:00,8.1,0,7,0,1,40994.0
2025-01-27 08:00:00,4.7,0,8,0,1,46465.0
2025-01-27 09:00:00,4.1,0,9,0,1,46637.0
2025-01-27 10:00:00,3.0,0,10,0,1,43087.0
2025-01-27 11:00:00,1.7,0,11,0,1,43467.0
2025-01-27 12:00:00,6.6,0,12,0,1,41799.0
2025-01-27 13:00:00,5.1,0,13,0,1,44286.0
2025-01-27 14:00:00,2.4,0,14,0,1,42303.0
2025-01-27 15:00:00,2.4,0,15,0,1,42034.0
2025-01-27 16:00:00,4.3,0,16,0,1,43033.0
2025-01-27 17:00:00,8.3,0,17,0,1,40892.0
2025-01-27 18:00:00,4.5,0,18,0,1,42968.0
2025-01-27 19:00:00,2.0,0,19,0,1,47296.0
2025-01-27 20:00:00,4.5,0,20,0,1,45478.0
2025-01-27 21:00:00,4.5,0,21,0,1,47561.0
2025-01-27 22:00:00,-0.4,0,22,0,1,43276.0
2025-01-27 23:00:00,4.9,0,23,0,1,41560.0
2025-01-28 00:00:00,4.5,1,0,0,1,42607.0
2025-01-28 01:00:00,6.4,1,1,0,1,39832.0
2025-01-28 02:00:00,8.7,1,2,0,1,40440.0
2025-01-28 03:00:00,7.3,1,3,0,1,43367.0
2025-01-28 04:00:00,4.5,1,4,0,1,42794.0
2025-01-28 05:00:00,2.8,1,5,0,1,43883.0
2025-01-28 06:00:00,10.1,1,6,0,1,38414.0
2025-01-28 07:00:00,5.1,1,7,0,1,41701.0
2025-01-28 08:00:00,5.0,1,8,0,1,45036.0
2025-01-28 09:00:00,5.0,1,9,0,1,45143.0
2025-01-28 10:00:00,5.4,1,10,0,1,43840.0
2025-01-28 11:00:00,4.7,1,11,0,1,43314.0
2025-01-28 12:00:00,3.9,1,12,0,1,41740.0
2025-01-28 13:00:00,3.9,1,13,0,1,43343.0
2025-01-28 14:00:00,4.9,1,14,0,1,43131.0
2025-01-28 15:00:00,3.9,1,15,0,1,44412.0
2025-01-28 16:00:00,3.6,1,16,0,1,45109.0
2025-01-28 17:00:00,5.2,1,17,0,1,41175.0
2025-01-28 18:00:00,4.5,1,18,0,1,41782.0
2025-01-28 19:00:00,8.0,1,19,0,1,42487.0
2025-01-28 20:00:00,-0.3,1,20,0,1,47870.0
2025-01-28 21:00:00,7.2,1,21,0,1,44968.0
2025-01-28 22:00:00,7.5,1,22,0,1,42439.0
2025-01-28 23:00:00,0.9,1,23,0,1,44482.0
2025-01-29 00:00:00,4.3,2,0,0,1,42459.0
2025-01-29 01:00:00,4.3,2,1,0,1,43054.0
2025-01-29 02:00:00,2.2,2,2,0,1,42905.0
2025-01-29 03:00:00,3.4,2,3,0,1,45785.0
2025-01-29 04:00:00,2.8,2,4,0,1,41681.0
2025-01-29 05:00:00,8.5,2,5,0,1,40969.0
2025-01-29 06:00:00,6.9,2,6,0,1,43993.0
2025-01-29 07:00:00,7.5,2,7,0,1,41237.0
2025-01-29 08:00:00,6.4,2,8,0,1,44550.0
2025-01-29 09:00:00,2.7,2,9,0,1,46200.0
2025-01-29 10:00:00,4.0,2,10,0,1,42808.0
2025-01-29 11:00:00,6.0,2,11,0,1,43658.0
2025-01-29 12:00:00,2.6,2,12,0,1,41068.0
2025-01-29 13:00:00,6.4,2,13,0,1,43627.0
2025-01-29 14:00:00,4.5,2,14,0,1,41032.0
2025-01-29 15:00:00,4.3,2,15,0,1,42555.0
2025-01-29 16:00:00,6.4,2,16,0,1,41274.0
2025-01-29 17:00:00,5.9,2,17,0,1,42762.0
2025-01-29 18:00:00,4.3,2,18,0,1,40943.0
2025-01-29 19:00:00,7.3,2,19,0,1,44895.0
2025-01-29 20:00:00,2.8,2,20,0,1,49010.0
2025-01-29 21:00:00,6.2,2,21,0,1,43248.0
2025-01-29 22:00:00,6.2,2,22,0,1,42135.0
2025-01-29 23:00:00,4.4,2,23,0,1,42015.0
2025-01-30 00:00:00,5.7,3,0,0,1,42685.0
2025-01-30 01:00:00,2.5,3,1,0,1,43774.0
2025-01-30 02:00:00,6.8,3,2,0,1,40806.0
2025-01-30 03:00:00,4.6,3,3,0,1,43270.0
2025-01-30 04:00:00,4.0,3,4,0,1,45188.0
2025-01-30 05:00:00,7.1,3,5,0,1,41222.0
2025-01-30 06:00:00,3.6,3,6,0,1,44068.0
2025-01-30 07:00:00,2.2,3,7,0,1,42357.0
2025-01-30 08:00:00,1.9,3,8,0,1,45909.0
2025-01-30 09:00:00,6.2,3,9,0,1,45461.0
2025-01-30 10:00:00,2.4,3,10,0,1,45561.0
2025-01-30 11:00:00,8.5,3,11,0,1,41172.0
2025-01-30 12:00:00,0.8,3,12,0,1,44206.0
2025-01-30 13:00:00,8.4,3,13,0,1,40803.0
2025-01-30 14:00:00,5.4,3,14,0,1,40788.0
2025-01-30 15:00:00,4.8,3,15,0,1,43322.0
2025-01-30 16:00:00,3.9,3,16,0,1,44104.0
2025-01-30 17:00:00,5.8,3,17,0,1,41558.0
2025-01-30 18:00:00,4.9,3,18,0,1,41974.0
2025-01-30 19:00:00,7.2,3,19,0,1,44716.0
2025-01-30 20:00:00,5.2,3,20,0,1,44862.0
2025-01-30 21:00:00,5.3,3,21,0,1,45270.0
2025-01-30 22:00:00,4.3,3,22,0,1,45383.0
2025-01-30 23:00:00,4.9,3,23,0,1,42261.0
2025-01-31 00:00:00,5.6,4,0,0,1,41762.0
2025-01-31 01:00:00,1.6,4,1,0,1,43433.0
2025-01-31 02:00:00,2.3,4,2,0,1,44741.0
2025-01-31 03:00:00,6.5,4,3,0,1,41539.0
2025-01-31 04:00:00,5.3,4,4,0,1,41550.0
2025-01-31 05:00:00,4.6,4,5,0,1,44270.0
2025-01-31 06:00:00,5.0,4,6,0,1,44185.0
2025-01-31 07:00:00,5.7,4,7,0,1,41432.0
2025-01-31 08:00:00,3.9,4,8,0,1,43800.0
2025-01-31 09:00:00,3.4,4,9,0,1,47487.0
2025-01-31 10:00:00,5.4,4,10,0,1,41483.0
2025-01-31 11:00:00,3.0,4,11,0,1,44427.0
2025-01-31 12:00:00,5.8,4,12,0,1,39728.0
2025-01-31 13:00:00,1.6,4,13,0,1,45274.0
2025-01-31 14:00:00,7.1,4,14,0,1,40017.0
2025-01-31 15:00:00,5.9,4,15,0,1,42904.0
2025-01-31 16:00:00,5.5,4,16,0,1,42261.0
2025-01-31 17:00:00,7.0,4,17,0,1,40373.0
2025-01-31 18:00:00,8.3,4,18,0,1,40346.0
2025-01-31 19:00:00,7.0,4,19,0,1,45309.0
2025-01-31 20:00:00,1.3,4,20,0,1,47468.0
2025-01-31 21:00:00,2.4,4,21,0,1,47481.0
2025-01-31 22:00:00,3.8,4,22,0,1,45497.0
2025-01-31 23:00:00,5.1,4,23,0,1,40597.0
2025-02-01 00:00:00,7.4,5,0,1,2,39253.0
2025-02-01 01:00:00,4.9,5,1,1,2,38681.0
2025-02-01 02:00:00,6.7,5,2,1,2,36565.0
2025-02-01 03:00:00,4.8,5,3,1,2,36989.0
2025-02-01 04:00:00,5.1,5,4,1,2,38215.0
2025-02-01 05:00:00,3.5,5,5,1,2,40343.0
2025-02-01 06:00:00,4.5,5,6,1,2,38600.0
2025-02-01 07:00:00,3.6,5,7,1,2,40995.0
2025-02-01 08:00:00,4.4,5,8,1,2,40065.0
2025-02-01 09:00:00,8.4,5,9,1,2,39762.0
2025-02-01 10:00:00,4.4,5,10,1,2,37277.0
2025-02-01 11:00:00,11.6,5,11,1,2,35634.0
2025-02-01 12:00:00,7.3,5,12,1,2,38401.0
2025-02-01 13:00:00,6.7,5,13,1,2,37140.0
2025-02-01 14:00:00,4.6,5,14,1,2,35563.0
2025-02-01 15:00:00,7.7,5,15,1,2,37369.0
2025-02-01 16:00:00,5.2,5,16,1,2,38930.0
2025-02-01 17:00:00,6.6,5,17,1,2,38193.0
2025-02-01 18:00:00,11.5,5,18,1,2,36753.0
2025-02-01 19:00:00,6.1,5,19,1,2,39641.0
2025-02-01 20:00:00,8.6,5,20,1,2,40497.0
2025-02-01 21:00:00,4.9,5,21,1,2,42964.0
2025-02-01 22:00:00,6.3,5,22,1,2,35731.0
2025-02-01 23:00:00,9.9,5,23,1,2,36443.0
2025-02-02 00:00:00,5.1,6,0,1,2,37852.0
2025-02-02 01:00:00,10.0,6,1,1,2,35920.0
2025-02-02 02:00:00,7.8,6,2,1,2,37540.0
2025-02-02 03:00:00,5.2,6,3,1,2,37808.0
2025-02-02 04:00:00,7.6,6,4,1,2,36387.0
2025-02-02 05:00:00,8.3,6,5,1,2,36899.0
2025-02-02 06:00:00,7.6,6,6,1,2,35904.0
2025-02-02 07:00:00,3.2,6,7,1,2,38097.0
2025-02-02 08:00:00,4.9,6,8,1,2,42373.0
2025-02-02 09:00:00,5.8,6,9,1,2,39699.0
2025-02-02 10:00:00,6.2,6,10,1,2,38704.0
2025-02-02 11:00:00,7.6,6,11,1,2,37765.0
2025-02-02 12:00:00,6.7,6,12,1,2,35581.0
2025-02-02 13:00:00,3.7,6,13,1,2,38352.0
2025-02-02 14:00:00,7.1,6,14,1,2,38883.0
2025-02-02 15:00:00,7.6,6,15,1,2,36042.0
2025-02-02 16:00:00,7.5,6,16,1,2,36713.0
2025-02-02 17:00:00,8.5,6,17,1,2,37304.0
2025-02-02 18:00:00,8.0,6,18,1,2,37936.0
2025-02-02 19:00:00,7.3,6,19,1,2,40069.0
2025-02-02 20:00:00,6.2,6,20,1,2,40183.0
2025-02-02 21:00:00,3.0,6,21,1,2,44198.0
2025-02-02 22:00:00,7.2,6,22,1,2,39487.0
2025-02-02 23:00:00,6.8,6,23,1,2,38797.0
2025-02-03 00:00:00,6.9,0,0,0,2,41661.0
2025-02-03 01:00:00,3.8,0,1,0,2,42137.0
2025-02-03 02:00:00,4.2,0,2,0,2,41915.0
2025-02-03 03:00:00,8.4,0,3,0,2,41404.0
2025-02-03 04:00:00,6.3,0,4,0,2,42372.0
2025-02-03 05:00:00,7.7,0,5,0,2,42831.0
2025-02-03 06:00:00,6.4,0,6,0,2,42582.0
2025-02-03 07:00:00,6.4,0,7,0,2,39997.0
2025-02-03 08:00:00,8.2,0,8,0,2,45154.0
2025-02-03 09:00:00,5.3,0,9,0,2,44148.0
2025-02-03 10:00:00,6.5,0,10,0,2,41273.0
2025-02-03 11:00:00,5.4,0,11,0,2,42593.0
2025-02-03 12:00:00,5.5,0,12,0,2,44659.0
2025-02-03 13:00:00,5.7,0,13,0,2,45871.0
2025-02-03 14:00:00,6.8,0,14,0,2,42336.0
2025-02-03 15:00:00,5.4,0,15,0,2,42089.0
2025-02-03 16:00:00,8.9,0,16,0,2,41216.0
2025-02-03 17:00:00,4.6,0,17,0,2,43790.0
2025-02-03 18:00:00,6.0,0,18,0,2,41632.0
2025-02-03 19:00:00,5.5,0,19,0,2,47424.0
2025-02-03 20:00:00,9.2,0,20,0,2,43659.0
2025-02-03 21:00:00,6.7,0,21,0,2,45231.0
2025-02-03 22:00:00,8.4,0,22,0,2,41597.0
2025-02-03 23:00:00,3.4,0,23,0,2,43822.0
2025-02-04 00:00:00,6.9,1,0,0,2,42570.0
2025-02-04 01:00:00,8.1,1,1,0,2,40200.0
2025-02-04 02:00:00,6.5,1,2,0,2,41078.0
2025-02-04 03:00:00,8.5,1,3,0,2,39444.0
2025-02-04 04:00:00,5.3,1,4,0,2,42875.0
2025-02-04 05:00:00,9.2,1,5,0,2,41356.0
2025-02-04 06:00:00,10.9,1,6,0,2,40081.0
2025-02-04 07:00:00,5.6,1,7,0,2,44202.0
2025-02-04 08:00:00,5.4,1,8,0,2,45269.0
2025-02-04 09:00:00,9.2,1,9,0,2,44179.0
2025-02-04 10:00:00,9.5,1,10,0,2,38941.0
2025-02-04 11:00:00,5.3,1,11,0,2,41888.0
2025-02-04 12:00:00,5.5,1,12,0,2,43085.0
2025-02-04 13:00:00,5.8,1,13,0,2,43131.0
2025-02-04 14:00:00,3.7,1,14,0,2,42822.0
2025-02-04 15:00:00,4.5,1,15,0,2,42663.0
2025-02-04 16:00:00,4.3,1,16,0,2,41013.0
2025-02-04 17:00:00,4.8,1,17,0,2,42169.0
2025-02-04 18:00:00,6.3,1,18,0,2,42933.0
2025-02-04 19:00:00,6.8,1,19,0,2,45286.0
2025-02-04 20:00:00,9.4,1,20,0,2,43880.0
2025-02-04 21:00:00,4.3,1,21,0,2,45888.0
2025-02-04 22:00:00,8.3,1,22,0,2,40854.0
2025-02-04 23:00:00,5.9,1,23,0,2,41252.0
2025-02-05 00:00:00,6.2,2,0,0,2,42718.0
2025-02-05 01:00:00,7.7,2,1,0,2,41660.0
2025-02-05 02:00:00,4.1,2,2,0,2,43543.0
2025-02-05 03:00:00,7.1,2,3,0,2,40816.0
2025-02-05 04:00:00,6.7,2,4,0,2,39080.0
2025-02-05 05:00:00,7.3,2,5,0,2,42654.0
2025-02-05 06:00:00,6.9,2,6,0,2,40966.0
2025-02-05 07:00:00,11.3,2,7,0,2,38339.0
2025-02-05 08:00:00,5.1,2,8,0,2,46300.0
2025-02-05 09:00:00,5.3,2,9,0,2,44891.0
2025-02-05 10:00:00,5.1,2,10,0,2,43725.0
2025-02-05 11:00:00,5.2,2,11,0,2,43126.0
2025-02-05 12:00:00,5.1,2,12,0,2,43288.0
2025-02-05 13:00:00,8.7,2,13,0,2,39002.0
2025-02-05 14:00:00,9.2,2,14,0,2,41864.0
2025-02-05 15:00:00,5.2,2,15,0,2,42714.0
2025-02-05 16:00:00,4.7,2,16,0,2,42219.0
2025-02-05 17:00:00,7.3,2,17,0,2,41531.0
2025-02-05 18:00:00,5.2,2,18,0,2,40251.0
2025-02-05 19:00:00,7.6,2,19,0,2,44688.0
2025-02-05 20:00:00,6.7,2,20,0,2,43392.0
2025-02-05 21:00:00,3.3,2,21,0,2,44723.0
2025-02-05 22:00:00,9.4,2,22,0,2,38456.0
2025-02-05 23:00:00,9.9,2,23,0,2,41369.0
2025-02-06 00:00:00,5.1,3,0,0,2,41688.0
2025-02-06 01:00:00,5.6,3,1,0,2,44058.0
2025-02-06 02:00:00,6.9,3,2,0,2,40901.0
2025-02-06 03:00:00,7.0,3,3,0,2,39447.0
2025-02-06 04:00:00,7.7,3,4,0,2,39832.0
2025-02-06 05:00:00,10.4,3,5,0,2,41303.0
2025-02-06 06:00:00,6.0,3,6,0,2,41820.0
2025-02-06 07:00:00,4.7,3,7,0,2,41970.0
2025-02-06 08:00:00,3.6,3,8,0,2,46401.0
2025-02-06 09:00:00,4.9,3,9,0,2,46163.0
2025-02-06 10:00:00,6.3,3,10,0,2,43204.0
2025-02-06 11:00:00,9.9,3,11,0,2,41774.0
2025-02-06 12:00:00,5.3,3,12,0,2,41916.0
2025-02-06 13:00:00,6.8,3,13,0,2,40015.0
2025-02-06 14:00:00,6.3,3,14,0,2,41350.0
2025-02-06 15:00:00,8.7,3,15,0,2,40954.0
2025-02-06 16:00:00,11.4,3,16,0,2,38147.0
2025-02-06 17:00:00,5.3,3,17,0,2,41212.0
2025-02-06 18:00:00,5.4,3,18,0,2,42732.0
2025-02-06 19:00:00,8.4,3,19,0,2,43728.0
2025-02-06 20:00:00,7.7,3,20,0,2,44188.0
2025-02-06 21:00:00,10.0,3,21,0,2,42073.0
2025-02-06 22:00:00,7.5,3,22,0,2,40970.0
2025-02-06 23:00:00,5.6,3,23,0,2,41080.0
2025-02-07 00:00:00,7.5,4,0,0,2,42308.0
2025-02-07 01:00:00,8.6,4,1,0,2,41964.0
2025-02-07 02:00:00,8.0,4,2,0,2,38794.0
2025-02-07 03:00:00,7.4,4,3,0,2,40207.0
2025-02-07 04:00:00,8.5,4,4,0,2,38968.0
2025-02-07 05:00:00,8.7,4,5,0,2,39881.0
2025-02-07 06:00:00,9.1,4,6,0,2,40348.0
2025-02-07 07:00:00,7.6,4,7,0,2,39442.0
2025-02-07 08:00:00,6.0,4,8,0,2,43891.0
2025-02-07 09:00:00,6.6,4,9,0,2,43479.0
2025-02-07 10:00:00,8.8,4,10,0,2,40872.0
2025-02-07 11:00:00,4.7,4,11,0,2,42730.0
2025-02-07 12:00:00,7.1,4,12,0,2,40595.0
2025-02-07 13:00:00,5.6,4,13,0,2,42436.0
2025-02-07 14:00:00,6.4,4,14,0,2,41145.0
2025-02-07 15:00:00,8.9,4,15,0,2,40226.0
2025-02-07 16:00:00,6.7,4,16,0,2,43647.0
2025-02-07 17:00:00,6.4,4,17,0,2,43392.0
2025-02-07 18:00:00,3.6,4,18,0,2,41630.0
2025-02-07 19:00:00,7.8,4,19,0,2,45080.0
2025-02-07 20:00:00,7.6,4,20,0,2,45158.0
2025-02-07 21:00:00,10.7,4,21,0,2,41289.0
2025-02-07 22:00:00,5.7,4,22,0,2,43120.0
2025-02-07 23:00:00,6.8,4,23,0,2,43456.0
2025-02-08 00:00:00,6.8,5,0,1,2,36234.0
2025-02-08 01:00:00,9.5,5,1,1,2,35152.0
2025-02-08 02:00:00,6.1,5,2,1,2,39147.0
2025-02-08 03:00:00,6.9,5,3,1,2,37877.0
2025-02-08 04:00:00,7.6,5,4,1,2,37884.0
2025-02-08 05:00:00,6.7,5,5,1,2,38052.0
2025-02-08 06:00:00,5.4,5,6,1,2,38745.0
2025-02-08 07:00:00,6.7,5,7,1,2,36044.0
2025-02-08 08:00:00,8.5,5,8,1,2,41013.0
2025-02-08 09:00:00,4.3,5,9,1,2,43260.0
2025-02-08 10:00:00,6.6,5,10,1,2,37422.0
2025-02-08 11:00:00,4.9,5,11,1,2,38478.0
2025-02-08 12:00:00,8.7,5,12,1,2,34798.0
2025-02-08 13:00:00,3.3,5,13,1,2,39970.0
2025-02-08 14:00:00,5.2,5,14,1,2,39076.0
2025-02-08 15:00:00,7.1,5,15,1,2,37378.0
2025-02-08 16:00:00,9.5,5,16,1,2,37614.0
2025-02-08 17:00:00,6.2,5,17,1,2,37495.0
2025-02-08 18:00:00,5.2,5,18,1,2,39063.0
2025-02-08 19:00:00,10.1,5,19,1,2,37725.0
2025-02-08 20:00:00,3.4,5,20,1,2,42250.0
2025-02-08 21:00:00,1.9,5,21,1,2,42820.0
2025-02-08 22:00:00,7.2,5,22,1,2,37660.0
2025-02-08 23:00:00,5.3,5,23,1,2,37889.0
2025-02-09 00:00:00,4.3,6,0,1,2,38694.0
2025-02-09 01:00:00,7.8,6,1,1,2,38113.0
2025-02-09 02:00:00,6.8,6,2,1,2,37062.0
2025-02-09 03:00:00,5.2,6,3,1,2,36466.0
2025-02-09 04:00:00,3.8,6,4,1,2,41210.0
2025-02-09 05:00:00,8.1,6,5,1,2,38615.0
2025-02-09 06:00:00,7.6,6,6,1,2,35629.0
2025-02-09 07:00:00,6.1,6,7,1,2,38757.0
2025-02-09 08:00:00,10.0,6,8,1,2,38380.0
2025-02-09 09:00:00,4.2,6,9,1,2,42216.0
2025-02-09 10:00:00,3.3,6,10,1,2,39709.0
2025-02-09 11:00:00,5.0,6,11,1,2,38241.0
2025-02-09 12:00:00,6.2,6,12,1,2,36935.0
2025-02-09 13:00:00,6.8,6,13,1,2,36758.0
2025-02-09 14:00:00,5.9,6,14,1,2,36972.0
2025-02-09 15:00:00,7.0,6,15,1,2,36480.0
2025-02-09 16:00:00,3.8,6,16,1,2,39001.0
2025-02-09 17:00:00,9.2,6,17,1,2,35527.0
2025-02-09 18:00:00,6.2,6,18,1,2,38731.0
2025-02-09 19:00:00,8.6,6,19,1,2,41498.0
2025-02-09 20:00:00,7.0,6,20,1,2,39791.0
2025-02-09 21:00:00,7.3,6,21,1,2,40661.0
2025-02-09 22:00:00,7.5,6,22,1,2,37860.0
2025-02-09 23:00:00,7.2,6,23,1,2,37949.0
2025-02-10 00:00:00,7.6,0,0,0,2,41279.0
2025-02-10 01:00:00,9.0,0,1,0,2,41392.0
2025-02-10 02:00:00,6.7,0,2,0,2,42212.0
2025-02-10 03:00:00,7.8,0,3,0,2,39636.0
2025-02-10 04:00:00,6.2,0,4,0,2,42963.0
2025-02-10 05:00:00,9.2,0,5,0,2,41455.0
2025-02-10 06:00:00,5.0,0,6,0,2,41591.0
2025-02-10 07:00:00,9.9,0,7,0,2,40075.0
2025-02-10 08:00:00,6.3,0,8,0,2,45690.0
2025-02-10 09:00:00,3.5,0,9,0,2,46010.0
2025-02-10 10:00:00,6.6,0,10,0,2,42990.0
2025-02-10 11:00:00,5.0,0,11,0,2,45348.0
2025-02-10 12:00:00,8.0,0,12,0,2,40046.0
2025-02-10 13:00:00,5.0,0,13,0,2,40825.0
2025-02-10 14:00:00,5.4,0,14,0,2,42641.0
2025-02-10 15:00:00,2.6,0,15,0,2,44586.0
2025-02-10 16:00:00,5.4,0,16,0,2,42005.0
2025-02-10 17:00:00,1.5,0,17,0,2,45998.0
2025-02-10 18:00:00,3.2,0,18,0,2,41808.0
2025-02-10 19:00:00,7.9,0,19,0,2,44901.0
2025-02-10 20:00:00,7.9,0,20,0,2,43317.0
2025-02-10 21:00:00,7.2,0,21,0,2,46468.0
2025-02-10 22:00:00,4.4,0,22,0,2,45188.0
2025-02-10 23:00:00,6.2,0,23,0,2,40958.0
2025-02-11 00:00:00,6.3,1,0,0,2,41174.0
2025-02-11 01:00:00,4.0,1,1,0,2,44020.0
2025-02-11 02:00:00,9.3,1,2,0,2,39862.0
2025-02-11 03:00:00,8.1,1,3,0,2,40898.0
2025-02-11 04:00:00,5.9,1,4,0,2,42082.0
2025-02-11 05:00:00,6.4,1,5,0,2,39500.0
2025-02-11 06:00:00,6.8,1,6,0,2,41605.0
2025-02-11 07:00:00,2.3,1,7,0,2,43044.0
2025-02-11 08:00:00,5.8,1,8,0,2,44486.0
2025-02-11 09:00:00,5.0,1,9,0,2,47244.0
2025-02-11 10:00:00,4.3,1,10,0,2,41324.0
2025-02-11 11:00:00,5.8,1,11,0,2,43087.0
2025-02-11 12:00:00,9.9,1,12,0,2,39698.0
2025-02-11 13:00:00,7.6,1,13,0,2,40854.0
2025-02-11 14:00:00,5.2,1,14,0,2,43350.0
2025-02-11 15:00:00,7.5,1,15,0,2,41666.0
2025-02-11 16:00:00,9.1,1,16,0,2,41116.0
2025-02-11 17:00:00,8.2,1,17,0,2,42067.0
2025-02-11 18:00:00,6.5,1,18,0,2,41373.0
2025-02-11 19:00:00,5.0,1,19,0,2,44742.0
2025-02-11 20:00:00,7.7,1,20,0,2,42830.0
2025-02-11 21:00:00,7.1,1,21,0,2,43446.0
2025-02-11 22:00:00,8.1,1,22,0,2,44474.0
2025-02-11 23:00:00,7.6,1,23,0,2,42689.0
2025-02-12 00:00:00,8.4,2,0,0,2,39159.0
2025-02-12 01:00:00,5.3,2,1,0,2,40778.0
2025-02-12 02:00:00,9.0,2,2,0,2,41091.0
2025-02-12 03:00:00,6.7,2,3,0,2,42289.0
2025-02-12 04:00:00,10.5,2,4,0,2,40414.0
2025-02-12 05:00:00,5.0,2,5,0,2,42213.0
2025-02-12 06:00:00,9.8,2,6,0,2,39944.0
2025-02-12 07:00:00,6.7,2,7,0,2,42026.0
2025-02-12 08:00:00,5.0,2,8,0,2,45585.0
2025-02-12 09:00:00,5.4,2,9,0,2,42651.0
2025-02-12 10:00:00,5.7,2,10,0,2,41875.0
2025-02-12 11:00:00,7.2,2,11,0,2,40384.0
2025-02-12 12:00:00,7.4,2,12,0,2,41518.0
2025-02-12 13:00:00,5.2,2,13,0,2,45986.0
2025-02-12 14:00:00,6.3,2,14,0,2,42295.0
2025-02-12 15:00:00,10.6,2,15,0,2,39312.0
2025-02-12 16:00:00,9.8,2,16,0,2,41209.0
2025-02-12 17:00:00,7.2,2,17,0,2,41973.0
2025-02-12 18:00:00,6.4,2,18,0,2,42296.0
2025-02-12 19:00:00,6.6,2,19,0,2,45438.0
2025-02-12 20:00:00,7.6,2,20,0,2,46684.0
2025-02-12 21:00:00,4.3,2,21,0,2,44496.0
2025-02-12 22:00:00,5.8,2,22,0,2,42656.0
2025-02-12 23:00:00,3.0,2,23,0,2,42387.0
2025-02-13 00:00:00,7.1,3,0,0,2,42098.0
2025-02-13 01:00:00,7.6,3,1,0,2,40081.0
2025-02-13 02:00:00,5.4,3,2,0,2,41812.0
2025-02-13 03:00:00,9.5,3,3,0,2,39902.0
2025-02-13 04:00:00,3.9,3,4,0,2,44227.0
2025-02-13 05:00:00,3.4,3,5,0,2,44397.0
2025-02-13 06:00:00,6.8,3,6,0,2,40111.0
2025-02-13 07:00:00,8.4,3,7,0,2,40849.0
2025-02-13 08:00:00,9.7,3,8,0,2,42295.0
2025-02-13 09:00:00,5.4,3,9,0,2,43779.0
2025-02-13 10:00:00,8.5,3,10,0,2,40491.0
2025-02-13 11:00:00,6.3,3,11,0,2,41498.0
2025-02-13 12:00:00,6.0,3,12,0,2,44915.0
2025-02-13 13:00:00,8.1,3,13,0,2,41466.0
2025-02-13 14:00:00,7.6,3,14,0,2,39525.0
2025-02-13 15:00:00,3.2,3,15,0,2,42729.0
2025-02-13 16:00:00,9.3,3,16,0,2,41579.0
2025-02-13 17:00:00,9.1,3,17,0,2,42956.0
2025-02-13 18:00:00,5.1,3,18,0,2,40553.0
2025-02-13 19:00:00,7.1,3,19,0,2,42178.0
2025-02-13 20:00:00,7.3,3,20,0,2,46581.0
2025-02-13 21:00:00,6.9,3,21,0,2,45037.0
2025-02-13 22:00:00,5.2,3,22,0,2,41338.0
2025-02-13 23:00:00,5.0,3,23,0,2,43143.0
2025-02-14 00:00:00,6.3,4,0,0,2,38693.0
2025-02-14 01:00:00,8.7,4,1,0,2,40661.0
2025-02-14 02:00:00,7.4,4,2,0,2,41680.0
2025-02-14 03:00:00,5.6,4,3,0,2,43310.0
2025-02-14 04:00:00,7.9,4,4,0,2,39842.0
2025-02-14 05:00:00,0.6,4,5,0,2,44781.0
2025-02-14 06:00:00,8.6,4,6,0,2,39571.0
2025-02-14 07:00:00,2.9,4,7,0,2,43876.0
2025-02-14 08:00:00,5.6,4,8,0,2,44118.0
2025-02-14 09:00:00,4.1,4,9,0,2,45460.0
2025-02-14 10:00:00,3.8,4,10,0,2,41930.0
2025-02-14 11:00:00,8.7,4,11,0,2,41451.0
2025-02-14 12:00:00,5.4,4,12,0,2,43328.0
2025-02-14 13:00:00,7.0,4,13,0,2,41202.0
2025-02-14 14:00:00,6.2,4,14,0,2,41923.0
2025-02-14 15:00:00,7.3,4,15,0,2,39615.0
2025-02-14 16:00:00,6.5,4,16,0,2,41394.0
2025-02-14 17:00:00,3.8,4,17,0,2,43053.0
2025-02-14 18:00:00,8.3,4,18,0,2,43979.0
2025-02-14 19:00:00,5.4,4,19,0,2,43990.0
2025-02-14 20:00:00,3.2,4,20,0,2,48144.0
2025-02-14 21:00:00,5.5,4,21,0,2,46454.0
2025-02-14 22:00:00,9.3,4,22,0,2,40666.0
2025-02-14 23:00:00,8.0,4,23,0,2,43090.0
2025-02-15 00:00:00,5.6,5,0,1,2,38625.0
2025-02-15 01:00:00,5.6,5,1,1,2,38646.0
2025-02-15 02:00:00,5.7,5,2,1,2,38088.0
2025-02-15 03:00:00,10.5,5,3,1,2,37222.0
2025-02-15 04:00:00,7.1,5,4,1,2,38764.0
2025-02-15 05:00:00,7.2,5,5,1,2,36649.0
2025-02-15 06:00:00,8.4,5,6,1,2,35217.0
2025-02-15 07:00:00,6.8,5,7,1,2,37348.0
2025-02-15 08:00:00,5.8,5,8,1,2,40129.0
2025-02-15 09:00:00,5.9,5,9,1,2,40950.0
2025-02-15 10:00:00,6.2,5,10,1,2,39387.0
2025-02-15 11:00:00,6.3,5,11,1,2,37319.0
2025-02-15 12:00:00,7.8,5,12,1,2,37051.0
2025-02-15 13:00:00,6.4,5,13,1,2,37848.0
2025-02-15 14:00:00,7.8,5,14,1,2,38116.0
2025-02-15 15:00:00,6.2,5,15,1,2,35215.0
2025-02-15 16:00:00,6.5,5,16,1,2,37023.0
2025-02-15 17:00:00,2.3,5,17,1,2,40082.0
2025-02-15 18:00:00,8.2,5,18,1,2,38354.0
2025-02-15 19:00:00,7.0,5,19,1,2,39893.0
2025-02-15 20:00:00,8.3,5,20,1,2,37580.0
2025-02-15 21:00:00,0.5,5,21,1,2,44470.0
2025-02-15 22:00:00,10.5,5,22,1,2,34979.0
2025-02-15 23:00:00,6.1,5,23,1,2,36542.0
2025-02-16 00:00:00,8.6,6,0,1,2,35973.0
2025-02-16 01:00:00,4.3,6,1,1,2,38649.0
2025-02-16 02:00:00,7.6,6,2,1,2,36492.0
2025-02-16 03:00:00,4.2,6,3,1,2,36237.0
2025-02-16 04:00:00,5.1,6,4,1,2,39530.0
2025-02-16 05:00:00,10.2,6,5,1,2,37446.0
2025-02-16 06:00:00,6.0,6,6,1,2,38803.0
2025-02-16 07:00:00,6.8,6,7,1,2,36247.0
2025-02-16 08:00:00,8.1,6,8,1,2,39718.0
2025-02-16 09:00:00,7.3,6,9,1,2,40327.0
2025-02-16 10:00:00,6.6,6,10,1,2,38398.0
2025-02-16 11:00:00,7.1,6,11,1,2,38267.0
2025-02-16 12:00:00,11.1,6,12,1,2,34546.0
2025-02-16 13:00:00,6.2,6,13,1,2,37986.0
2025-02-16 14:00:00,6.7,6,14,1,2,38178.0
2025-02-16 15:00:00,8.4,6,15,1,2,38526.0
2025-02-16 16:00:00,8.6,6,16,1,2,37570.0
2025-02-16 17:00:00,8.7,6,17,1,2,37590.0
2025-02-16 18:00:00,7.6,6,18,1,2,37292.0
2025-02-16 19:00:00,4.1,6,19,1,2,43666.0
2025-02-16 20:00:00,9.6,6,20,1,2,39688.0
2025-02-16 21:00:00,4.0,6,21,1,2,40943.0
2025-02-16 22:00:00,6.9,6,22,1,2,39212.0
2025-02-16 23:00:00,4.8,6,23,1,2,39422.0
2025-02-17 00:00:00,6.2,0,0,0,2,41363.0
2025-02-17 01:00:00,7.0,0,1,0,2,40926.0
2025-02-17 02:00:00,7.0,0,2,0,2,41865.0
2025-02-17 03:00:00,7.2,0,3,0,2,41964.0
2025-02-17 04:00:00,9.6,0,4,0,2,40453.0
2025-02-17 05:00:00,7.2,0,5,0,2,41750.0
2025-02-17 06:00:00,5.9,0,6,0,2,44114.0
2025-02-17 07:00:00,8.3,0,7,0,2,42152.0
2025-02-17 08:00:00,8.7,0,8,0,2,43869.0
2025-02-17 09:00:00,3.9,0,9,0,2,47187.0
2025-02-17 10:00:00,7.5,0,10,0,2,39994.0
2025-02-17 11:00:00,7.7,0,11,0,2,41606.0
2025-02-17 12:00:00,5.7,0,12,0,2,44299.0
2025-02-17 13:00:00,9.1,0,13,0,2,40193.0
2025-02-17 14:00:00,6.0,0,14,0,2,40963.0
2025-02-17 15:00:00,6.6,0,15,0,2,40922.0
2025-02-17 16:00:00,6.0,0,16,0,2,40696.0
2025-02-17 17:00:00,6.4,0,17,0,2,40873.0
2025-02-17 18:00:00,4.1,0,18,0,2,42482.0
2025-02-17 19:00:00,3.5,0,19,0,2,44583.0
2025-02-17 20:00:00,9.5,0,20,0,2,43254.0
2025-02-17 21:00:00,4.6,0,21,0,2,46760.0
2025-02-17 22:00:00,4.4,0,22,0,2,41732.0
2025-02-17 23:00:00,2.0,0,23,0,2,45807.0
2025-02-18 00:00:00,5.1,1,0,0,2,43082.0
2025-02-18 01:00:00,3.7,1,1,0,2,44390.0
2025-02-18 02:00:00,9.6,1,2,0,2,39399.0
2025-02-18 03:00:00,8.4,1,3,0,2,41846.0
2025-02-18 04:00:00,5.0,1,4,0,2,41208.0
2025-02-18 05:00:00,10.8,1,5,0,2,40646.0
2025-02-18 06:00:00,8.3,1,6,0,2,41055.0
2025-02-18 07:00:00,5.7,1,7,0,2,42819.0
2025-02-18 08:00:00,1.3,1,8,0,2,45919.0
2025-02-18 09:00:00,10.9,1,9,0,2,41465.0
2025-02-18 10:00:00,3.6,1,10,0,2,43936.0
2025-02-18 11:00:00,3.0,1,11,0,2,42338.0
2025-02-18 12:00:00,8.4,1,12,0,2,41363.0
2025-02-18 13:00:00,11.2,1,13,0,2,37750.0
2025-02-18 14:00:00,9.1,1,14,0,2,41464.0
2025-02-18 15:00:00,7.5,1,15,0,2,39787.0
2025-02-18 16:00:00,7.5,1,16,0,2,41898.0
2025-02-18 17:00:00,8.0,1,17,0,2,41727.0
2025-02-18 18:00:00,7.9,1,18,0,2,40235.0
2025-02-18 19:00:00,6.9,1,19,0,2,45247.0
2025-02-18 20:00:00,6.5,1,20,0,2,45038.0
2025-02-18 21:00:00,6.2,1,21,0,2,44246.0
2025-02-18 22:00:00,4.8,1,22,0,2,41374.0
2025-02-18 23:00:00,5.8,1,23,0,2,39756.0
2025-02-19 00:00:00,3.0,2,0,0,2,43943.0
2025-02-19 01:00:00,6.1,2,1,0,2,40051.0
2025-02-19 02:00:00,4.4,2,2,0,2,42933.0
2025-02-19 03:00:00,4.1,2,3,0,2,42618.0
2025-02-19 04:00:00,6.7,2,4,0,2,42465.0
2025-02-19 05:00:00,9.1,2,5,0,2,40076.0
2025-02-19 06:00:00,8.2,2,6,0,2,40516.0
2025-02-19 07:00:00,3.2,2,7,0,2,44279.0
2025-02-19 08:00:00,4.4,2,8,0,2,46222.0
2025-02-19 09:00:00,8.2,2,9,0,2,44269.0
2025-02-19 10:00:00,4.4,2,10,0,2,43376.0
2025-02-19 11:00:00,5.9,2,11,0,2,40212.0
2025-02-19 12:00:00,7.4,2,12,0,2,42188.0
2025-02-19 13:00:00,4.4,2,13,0,2,43533.0
2025-02-19 14:00:00,6.6,2,14,0,2,40505.0
2025-02-19 15:00:00,3.7,2,15,0,2,42871.0
2025-02-19 16:00:00,5.1,2,16,0,2,42384.0
2025-02-19 17:00:00,7.0,2,17,0,2,41349.0
2025-02-19 18:00:00,3.2,2,18,0,2,43824.0
2025-02-19 19:00:00,7.2,2,19,0,2,46107.0
2025-02-19 20:00:00,6.3,2,20,0,2,46148.0
2025-02-19 21:00:00,7.4,2,21,0,2,42703.0
2025-02-19 22:00:00,6.8,2,22,0,2,42353.0
2025-02-19 23:00:00,9.1,2,23,0,2,42061.0
2025-02-20 00:00:00,6.6,3,0,0,2,42169.0
2025-02-20 01:00:00,5.5,3,1,0,2,43569.0
2025-02-20 02:00:00,6.6,3,2,0,2,44123.0
2025-02-20 03:00:00,7.4,3,3,0,2,42515.0
2025-02-20 04:00:00,6.4,3,4,0,2,42080.0
2025-02-20 05:00:00,6.4,3,5,0,2,43044.0
2025-02-20 06:00:00,4.9,3,6,0,2,42706.0
2025-02-20 07:00:00,5.0,3,7,0,2,42522.0
2025-02-20 08:00:00,3.5,3,8,0,2,45811.0
2025-02-20 09:00:00,9.8,3,9,0,2,44957.0
2025-02-20 10:00:00,3.9,3,10,0,2,42092.0
2025-02-20 11:00:00,5.0,3,11,0,2,44362.0
2025-02-20 12:00:00,4.9,3,12,0,2,43148.0
2025-02-20 13:00:00,8.1,3,13,0,2,39256.0
2025-02-20 14:00:00,5.7,3,14,0,2,42566.0
2025-02-20 15:00:00,8.8,3,15,0,2,38062.0
2025-02-20 16:00:00,5.0,3,16,0,2,43254.0
2025-02-20 17:00:00,6.9,3,17,0,2,42613.0
2025-02-20 18:00:00,4.7,3,18,0,2,41955.0
2025-02-20 19:00:00,10.6,3,19,0,2,42833.0
2025-02-20 20:00:00,4.0,3,20,0,2,48363.0
2025-02-20 21:00:00,7.0,3,21,0,2,43913.0
2025-02-20 22:00:00,7.6,3,22,0,2,39926.0
2025-02-20 23:00:00,7.2,3,23,0,2,43194.0
2025-02-21 00:00:00,6.0,4,0,0,2,44371.0
2025-02-21 01:00:00,6.1,4,1,0,2,41964.0
2025-02-21 02:00:00,6.4,4,2,0,2,43000.0
2025-02-21 03:00:00,6.0,4,3,0,2,43587.0
2025-02-21 04:00:00,8.3,4,4,0,2,39975.0
2025-02-21 05:00:00,10.8,4,5,0,2,39037.0
2025-02-21 06:00:00,5.2,4,6,0,2,43865.0
2025-02-21 07:00:00,3.6,4,7,0,2,45222.0
2025-02-21 08:00:00,6.2,4,8,0,2,45594.0
2025-02-21 09:00:00,11.5,4,9,0,2,41195.0
2025-02-21 10:00:00,4.7,4,10,0,2,45018.0
2025-02-21 11:00:00,9.6,4,11,0,2,39554.0
2025-02-21 12:00:00,9.7,4,12,0,2,39750.0
2025-02-21 13:00:00,5.2,4,13,0,2,42795.0
2025-02-21 14:00:00,7.5,4,14,0,2,43126.0
2025-02-21 15:00:00,9.6,4,15,0,2,41227.0
2025-02-21 16:00:00,5.6,4,16,0,2,42707.0
2025-02-21 17:00:00,5.9,4,17,0,2,42590.0
2025-02-21 18:00:00,5.2,4,18,0,2,42464.0
2025-02-21 19:00:00,4.3,4,19,0,2,46515.0
2025-02-21 20:00:00,5.0,4,20,0,2,42444.0
2025-02-21 21:00:00,3.9,4,21,0,2,45698.0
2025-02-21 22:00:00,6.4,4,22,0,2,42086.0
2025-02-21 23:00:00,4.8,4,23,0,2,41219.0
2025-02-22 00:00:00,6.8,5,0,1,2,38060.0
2025-02-22 01:00:00,3.2,5,1,1,2,39141.0
2025-02-22 02:00:00,7.0,5,2,1,2,39606.0
2025-02-22 03:00:00,8.0,5,3,1,2,38884.0
2025-02-22 04:00:00,2.4,5,4,1,2,39265.0
2025-02-22 05:00:00,7.1,5,5,1,2,37275.0
2025-02-22 06:00:00,8.8,5,6,1,2,36514.0
2025-02-22 07:00:00,3.9,5,7,1,2,38498.0
2025-02-22 08:00:00,9.7,5,8,1,2,39392.0
2025-02-22 09:00:00,7.2,5,9,1,2,39501.0
2025-02-22 10:00:00,4.9,5,10,1,2,37178.0
2025-02-22 11:00:00,6.2,5,11,1,2,38633.0
2025-02-22 12:00:00,7.5,5,12,1,2,38027.0
2025-02-22 13:00:00,6.5,5,13,1,2,36789.0
2025-02-22 14:00:00,7.4,5,14,1,2,38366.0
2025-02-22 15:00:00,4.5,5,15,1,2,37993.0
2025-02-22 16:00:00,6.7,5,16,1,2,37965.0
2025-02-22 17:00:00,3.5,5,17,1,2,40228.0
2025-02-22 18:00:00,6.1,5,18,1,2,37901.0
2025-02-22 19:00:00,4.5,5,19,1,2,42280.0
2025-02-22 20:00:00,4.9,5,20,1,2,40946.0
2025-02-22 21:00:00,8.8,5,21,1,2,39358.0
2025-02-22 22:00:00,8.5,5,22,1,2,36492.0
2025-02-22 23:00:00,7.6,5,23,1,2,36325.0
2025-02-23 00:00:00,4.2,6,0,1,2,38710.0
2025-02-23 01:00:00,5.7,6,1,1,2,36288.0
2025-02-23 02:00:00,8.8,6,2,1,2,36028.0
2025-02-23 03:00:00,6.6,6,3,1,2,37347.0
2025-02-23 04:00:00,11.0,6,4,1,2,35203.0
2025-02-23 05:00:00,7.1,6,5,1,2,37147.0
2025-02-23 06:00:00,6.7,6,6,1,2,37564.0
2025-02-23 07:00:00,5.7,6,7,1,2,38715.0
2025-02-23 08:00:00,6.6,6,8,1,2,41746.0
2025-02-23 09:00:00,6.0,6,9,1,2,40203.0
2025-02-23 10:00:00,7.8,6,10,1,2,35678.0
2025-02-23 11:00:00,8.3,6,11,1,2,35623.0
2025-02-23 12:00:00,4.8,6,12,1,2,38031.0
2025-02-23 13:00:00,3.7,6,13,1,2,38739.0
2025-02-23 14:00:00,2.7,6,14,1,2,38742.0
2025-02-23 15:00:00,7.4,6,15,1,2,35767.0
2025-02-23 16:00:00,4.1,6,16,1,2,38386.0
2025-02-23 17:00:00,2.0,6,17,1,2,40201.0
2025-02-23 18:00:00,7.1,6,18,1,2,38156.0
2025-02-23 19:00:00,11.3,6,19,1,2,37668.0
2025-02-23 20:00:00,6.3,6,20,1,2,40341.0
2025-02-23 21:00:00,8.0,6,21,1,2,38880.0
2025-02-23 22:00:00,6.5,6,22,1,2,37711.0
2025-02-23 23:00:00,6.1,6,23,1,2,36911.0
2025-02-24 00:00:00,8.2,0,0,0,2,41599.0
2025-02-24 01:00:00,5.8,0,1,0,2,39977.0
2025-02-24 02:00:00,6.9,0,2,0,2,41131.0
2025-02-24 03:00:00,7.0,0,3,0,2,41870.0
2025-02-24 04:00:00,5.0,0,4,0,2,42719.0
2025-02-24 05:00:00,8.3,0,5,0,2,44070.0
2025-02-24 06:00:00,6.0,0,6,0,2,42425.0
2025-02-24 07:00:00,4.8,0,7,0,2,41381.0
2025-02-24 08:00:00,7.4,0,8,0,2,44179.0
2025-02-24 09:00:00,4.5,0,9,0,2,43597.0
2025-02-24 10:00:00,6.4,0,10,0,2,41705.0
2025-02-24 11:00:00,6.3,0,11,0,2,40840.0
2025-02-24 12:00:00,8.5,0,12,0,2,41843.0
2025-02-24 13:00:00,7.3,0,13,0,2,40696.0
2025-02-24 14:00:00,6.3,0,14,0,2,41715.0
2025-02-24 15:00:00,8.0,0,15,0,2,40250.0
2025-02-24 16:00:00,9.1,0,16,0,2,42527.0
2025-02-24 17:00:00,7.5,0,17,0,2,40887.0
2025-02-24 18:00:00,6.4,0,18,0,2,44019.0
2025-02-24 19:00:00,3.7,0,19,0,2,47119.0
2025-02-24 20:00:00,4.2,0,20,0,2,46474.0
2025-02-24 21:00:00,5.7,0,21,0,2,45578.0
2025-02-24 22:00:00,5.1,0,22,0,2,42912.0
2025-02-24 23:00:00,6.0,0,23,0,2,39704.0
2025-02-25 00:00:00,6.5,1,0,0,2,41439.0
2025-02-25 01:00:00,7.4,1,1,0,2,42315.0
2025-02-25 02:00:00,6.2,1,2,0,2,41842.0
2025-02-25 03:00:00,7.3,1,3,0,2,39657.0
2025-02-25 04:00:00,6.5,1,4,0,2,41703.0
2025-02-25 05:00:00,2.4,1,5,0,2,45851.0
2025-02-25 06:00:00,4.5,1,6,0,2,44266.0
2025-02-25 07:00:00,6.1,1,7,0,2,41900.0
2025-02-25 08:00:00,3.9,1,8,0,2,47182.0
2025-02-25 09:00:00,7.5,1,9,0,2,43790.0
2025-02-25 10:00:00,9.4,1,10,0,2,38255.0
2025-02-25 11:00:00,8.8,1,11,0,2,39502.0
2025-02-25 12:00:00,5.9,1,12,0,2,43919.0
2025-02-25 13:00:00,9.3,1,13,0,2,40011.0
2025-02-25 14:00:00,6.6,1,14,0,2,41389.0
2025-02-25 15:00:00,5.7,1,15,0,2,41807.0
2025-02-25 16:00:00,5.1,1,16,0,2,44728.0
2025-02-25 17:00:00,5.7,1,17,0,2,44084.0
2025-02-25 18:00:00,5.6,1,18,0,2,44881.0
2025-02-25 19:00:00,6.7,1,19,0,2,44469.0
2025-02-25 20:00:00,6.7,1,20,0,2,45024.0
2025-02-25 21:00:00,6.3,1,21,0,2,43007.0
2025-02-25 22:00:00,7.2,1,22,0,2,43166.0
2025-02-25 23:00:00,8.7,1,23,0,2,39238.0
2025-02-26 00:00:00,8.2,2,0,0,2,41141.0
2025-02-26 01:00:00,3.4,2,1,0,2,41998.0
2025-02-26 02:00:00,1.2,2,2,0,2,43677.0
2025-02-26 03:00:00,8.2,2,3,0,2,39891.0
2025-02-26 04:00:00,3.6,2,4,0,2,42468.0
2025-02-26 05:00:00,5.9,2,5,0,2,41408.0
2025-02-26 06:00:00,4.0,2,6,0,2,42342.0
2025-02-26 07:00:00,2.7,2,7,0,2,44632.0
2025-02-26 08:00:00,7.4,2,8,0,2,42963.0
2025-02-26 09:00:00,7.9,2,9,0,2,44336.0
2025-02-26 10:00:00,5.2,2,10,0,2,43868.0
2025-02-26 11:00:00,1.2,2,11,0,2,43805.0
2025-02-26 12:00:00,5.2,2,12,0,2,41515.0
2025-02-26 13:00:00,7.1,2,13,0,2,41162.0
2025-02-26 14:00:00,3.4,2,14,0,2,44725.0
2025-02-26 15:00:00,6.7,2,15,0,2,41880.0
2025-02-26 16:00:00,6.3,2,16,0,2,41208.0
2025-02-26 17:00:00,7.5,2,17,0,2,41831.0
2025-02-26 18:00:00,6.6,2,18,0,2,40388.0
2025-02-26 19:00:00,4.4,2,19,0,2,46621.0
2025-02-26 20:00:00,8.7,2,20,0,2,44124.0
2025-02-26 21:00:00,6.0,2,21,0,2,44619.0
2025-02-26 22:00:00,6.3,2,22,0,2,40851.0
2025-02-26 23:00:00,4.5,2,23,0,2,41699.0
2025-02-27 00:00:00,5.5,3,0,0,2,42915.0
2025-02-27 01:00:00,4.6,3,1,0,2,44190.0
2025-02-27 02:00:00,6.0,3,2,0,2,41238.0
2025-02-27 03:00:00,9.8,3,3,0,2,40668.0
2025-02-27 04:00:00,3.6,3,4,0,2,40698.0
2025-02-27 05:00:00,3.1,3,5,0,2,42742.0
2025-02-27 06:00:00,9.3,3,6,0,2,40322.0
2025-02-27 07:00:00,5.9,3,7,0,2,40948.0
2025-02-27 08:00:00,5.0,3,8,0,2,44375.0
2025-02-27 09:00:00,8.4,3,9,0,2,42989.0
2025-02-27 10:00:00,5.1,3,10,0,2,42786.0
2025-02-27 11:00:00,10.0,3,11,0,2,39779.0
2025-02-27 12:00:00,7.7,3,12,0,2,38466.0
2025-02-27 13:00:00,5.4,3,13,0,2,39773.0
2025-02-27 14:00:00,10.7,3,14,0,2,38945.0
2025-02-27 15:00:00,5.1,3,15,0,2,42985.0
2025-02-27 16:00:00,7.8,3,16,0,2,37791.0
2025-02-27 17:00:00,6.9,3,17,0,2,40931.0
2025-02-27 18:00:00,8.9,3,18,0,2,39897.0
2025-02-27 19:00:00,9.5,3,19,0,2,44935.0
2025-02-27 20:00:00,6.4,3,20,0,2,44336.0
2025-02-27 21:00:00,4.8,3,21,0,2,46043.0
2025-02-27 22:00:00,7.3,3,22,0,2,41540.0
2025-02-27 23:00:00,5.0,3,23,0,2,39951.0
2025-02-28 00:00:00,10.4,4,0,0,2,40739.0
2025-02-28 01:00:00,6.6,4,1,0,2,41952.0
2025-02-28 02:00:00,5.6,4,2,0,2,42805.0
2025-02-28 03:00:00,6.7,4,3,0,2,46357.0
2025-02-28 04:00:00,3.6,4,4,0,2,40676.0
2025-02-28 05:00:00,4.4,4,5,0,2,44871.0
2025-02-28 06:00:00,8.7,4,6,0,2,40285.0
2025-02-28 07:00:00,5.0,4,7,0,2,42832.0
2025-02-28 08:00:00,4.2,4,8,0,2,45822.0
2025-02-28 09:00:00,7.4,4,9,0,2,43784.0
2025-02-28 10:00:00,8.7,4,10,0,2,39961.0
2025-02-28 11:00:00,7.8,4,11,0,2,41507.0
2025-02-28 12:00:00,8.3,4,12,0,2,39013.0
2025-02-28 13:00:00,4.8,4,13,0,2,43488.0
2025-02-28 14:00:00,3.5,4,14,0,2,42753.0
2025-02-28 15:00:00,9.3,4,15,0,2,38973.0
2025-02-28 16:00:00,5.7,4,16,0,2,41613.0
2025-02-28 17:00:00,5.8,4,17,0,2,43590.0
2025-02-28 18:00:00,9.0,4,18,0,2,39860.0
2025-02-28 19:00:00,7.5,4,19,0,2,44704.0
2025-02-28 20:00:00,7.3,4,20,0,2,43497.0
2025-02-28 21:00:00,10.7,4,21,0,2,43575.0
2025-02-28 22:00:00,5.1,4,22,0,2,43296.0
2025-02-28 23:00:00,8.2,4,23,0,2,43121.0
2025-03-01 00:00:00,10.1,5,0,1,3,35732.0
2025-03-01 01:00:00,10.5,5,1,1,3,36534.0
2025-03-01 02:00:00,13.1,5,2,1,3,34589.0
2025-03-01 03:00:00,11.0,5,3,1,3,37047.0
2025-03-01 04:00:00,11.1,5,4,1,3,34599.0
2025-03-01 05:00:00,12.1,5,5,1,3,35821.0
2025-03-01 06:00:00,9.3,5,6,1,3,36131.0
2025-03-01 07:00:00,8.3,5,7,1,3,36762.0
2025-03-01 08:00:00,7.9,5,8,1,3,40155.0
2025-03-01 09:00:00,6.1,5,9,1,3,41269.0
2025-03-01 10:00:00,14.1,5,10,1,3,33804.0
2025-03-01 11:00:00,7.8,5,11,1,3,37361.0
2025-03-01 12:00:00,9.6,5,12,1,3,38115.0
2025-03-01 13:00:00,9.4,5,13,1,3,37459.0
2025-03-01 14:00:00,10.6,5,14,1,3,36736.0
2025-03-01 15:00:00,11.6,5,15,1,3,34638.0
2025-03-01 16:00:00,11.7,5,16,1,3,34072.0
2025-03-01 17:00:00,8.8,5,17,1,3,37729.0
2025-03-01 18:00:00,9.7,5,18,1,3,37218.0
2025-03-01 19:00:00,10.6,5,19,1,3,40485.0
2025-03-01 20:00:00,9.5,5,20,1,3,38524.0
2025-03-01 21:00:00,13.2,5,21,1,3,37117.0
2025-03-01 22:00:00,11.0,5,22,1,3,33542.0
2025-03-01 23:00:00,11.5,5,23,1,3,34794.0
2025-03-02 00:00:00,11.3,6,0,1,3,36533.0
2025-03-02 01:00:00,12.3,6,1,1,3,34267.0
2025-03-02 02:00:00,10.4,6,2,1,3,36588.0
2025-03-02 03:00:00,7.4,6,3,1,3,37068.0
2025-03-02 04:00:00,10.8,6,4,1,3,35989.0
2025-03-02 05:00:00,8.7,6,5,1,3,35274.0
2025-03-02 06:00:00,8.9,6,6,1,3,36631.0
2025-03-02 07:00:00,11.2,6,7,1,3,31824.0
2025-03-02 08:00:00,12.5,6,8,1,3,37537.0
2025-03-02 09:00:00,10.0,6,9,1,3,37022.0
2025-03-02 10:00:00,10.6,6,10,1,3,37138.0
2025-03-02 11:00:00,13.4,6,11,1,3,35231.0
2025-03-02 12:00:00,10.5,6,12,1,3,36319.0
2025-03-02 13:00:00,15.2,6,13,1,3,35224.0
2025-03-02 14:00:00,11.1,6,14,1,3,34296.0
2025-03-02 15:00:00,6.5,6,15,1,3,39858.0
2025-03-02 16:00:00,11.5,6,16,1,3,36365.0
2025-03-02 17:00:00,10.8,6,17,1,3,35335.0
2025-03-02 18:00:00,12.6,6,18,1,3,36073.0
2025-03-02 19:00:00,11.3,6,19,1,3,36999.0
2025-03-02 20:00:00,9.7,6,20,1,3,38149.0
2025-03-02 21:00:00,7.6,6,21,1,3,39494.0
2025-03-02 22:00:00,9.6,6,22,1,3,35574.0
2025-03-02 23:00:00,8.3,6,23,1,3,35583.0
2025-03-03 00:00:00,8.8,0,0,0,3,42048.0
2025-03-03 01:00:00,11.2,0,1,0,3,39101.0
2025-03-03 02:00:00,13.3,0,2,0,3,38753.0
2025-03-03 03:00:00,10.8,0,3,0,3,38921.0
2025-03-03 04:00:00,7.6,0,4,0,3,39011.0
2025-03-03 05:00:00,10.9,0,5,0,3,39879.0
2025-03-03 06:00:00,12.4,0,6,0,3,36509.0
2025-03-03 07:00:00,8.8,0,7,0,3,40527.0
2025-03-03 08:00:00,9.7,0,8,0,3,41492.0
2025-03-03 09:00:00,10.0,0,9,0,3,45370.0
2025-03-03 10:00:00,8.4,0,10,0,3,41879.0
2025-03-03 11:00:00,11.3,0,11,0,3,39479.0
2025-03-03 12:00:00,9.8,0,12,0,3,41637.0
2025-03-03 13:00:00,10.8,0,13,0,3,38565.0
2025-03-03 14:00:00,8.2,0,14,0,3,41540.0
2025-03-03 15:00:00,9.1,0,15,0,3,40677.0
2025-03-03 16:00:00,11.4,0,16,0,3,39594.0
2025-03-03 17:00:00,9.3,0,17,0,3,41900.0
2025-03-03 18:00:00,13.5,0,18,0,3,39152.0
2025-03-03 19:00:00,9.2,0,19,0,3,43746.0
2025-03-03 20:00:00,10.4,0,20,0,3,40789.0
2025-03-03 21:00:00,11.9,0,21,0,3,40915.0
2025-03-03 22:00:00,7.2,0,22,0,3,41271.0
2025-03-03 23:00:00,6.5,0,23,0,3,41873.0
2025-03-04 00:00:00,6.9,1,0,0,3,40169.0
2025-03-04 01:00:00,12.5,1,1,0,3,41631.0
2025-03-04 02:00:00,8.9,1,2,0,3,42372.0
2025-03-04 03:00:00,15.1,1,3,0,3,38164.0
2025-03-04 04:00:00,8.9,1,4,0,3,40651.0
2025-03-04 05:00:00,10.4,1,5,0,3,39561.0
2025-03-04 06:00:00,13.1,1,6,0,3,37316.0
2025-03-04 07:00:00,14.0,1,7,0,3,38087.0
2025-03-04 08:00:00,14.1,1,8,0,3,41248.0
2025-03-04 09:00:00,12.4,1,9,0,3,40302.0
2025-03-04 10:00:00,12.0,1,10,0,3,39377.0
2025-03-04 11:00:00,11.2,1,11,0,3,39221.0
